Rank,Score,Acedemik Reputation,Students,Citations_per_faculty,faculty_student_ratio,employer_reputation,employment_outcomes,international_faculty_ratio,sustainability_score,international_research_network,Score_class,Total_Reputation,Global_Connectivity
1,100.0,100.0,91.6,100.0,100.0,100.0,100.0,100.0,93.8,94.1,best,100.0,97.05
2,99.4,99.6,100.0,95.0,99.3,100.0,95.9,100.0,98.3,97.5,best,99.8,98.75
3,98.9,100.0,73.5,99.7,100.0,100.0,100.0,94.2,95.4,96.5,best,100.0,95.35
4,97.9,100.0,98.6,91.0,100.0,100.0,100.0,98.8,77.9,100.0,best,100.0,99.4
5,97.7,100.0,81.4,100.0,98.3,100.0,100.0,79.1,77.8,99.4,best,100.0,89.25
6,97.2,100.0,93.1,88.6,100.0,100.0,100.0,100.0,78.4,99.2,best,100.0,99.6
7,96.7,99.7,99.3,98.8,71.7,96.3,95.0,100.0,99.6,95.8,best,98.0,97.9
8,95.9,99.9,96.9,95.9,71.5,98.2,100.0,100.0,90.0,92.4,best,99.05000000000001,96.2
9,95.8,99.9,100.0,80.9,94.8,99.4,89.3,99.6,98.5,99.9,best,99.65,99.75
10,94.3,98.3,90.7,100.0,100.0,99.2,49.1,100.0,79.2,61.8,best,98.75,80.9
11,94.2,99.3,100.0,96.6,85.3,82.5,99.8,100.0,84.8,82.3,best,90.9,91.15
12,93.7,97.1,93.1,94.6,83.9,91.4,87.7,100.0,87.2,86.9,best,94.25,93.45
13,93.0,99.8,92.8,78.1,97.3,99.3,99.8,86.1,73.3,87.7,best,99.55,86.9
14,92.6,99.9,37.3,99.2,96.2,99.6,97.0,59.9,70.6,83.2,best,99.75,71.55
15,92.5,98.9,76.3,72.0,99.9,98.7,100.0,96.9,95.0,89.4,best,98.80000000000001,93.15
16,91.6,99.5,75.7,98.0,64.3,98.8,99.3,57.6,76.8,93.0,best,99.15,75.3
=17,91.2,99.9,31.9,99.6,97.1,99.7,97.0,39.5,68.7,80.4,best,99.80000000000001,59.95
=17,91.2,100.0,70.6,97.2,29.4,100.0,99.8,95.6,98.8,96.7,best,100.0,96.15
19,90.8,99.7,100.0,94.8,20.5,97.4,98.3,96.7,98.2,96.9,best,98.55000000000001,96.80000000000001
20,90.7,96.3,99.9,96.9,29.9,93.5,98.7,100.0,97.0,97.6,best,94.9,98.8
21,90.4,100.0,72.7,64.8,100.0,100.0,99.8,86.7,82.4,92.9,best,100.0,89.80000000000001
=22,90.2,92.7,100.0,93.1,90.0,88.0,47.3,100.0,85.3,83.6,best,90.35,91.8
=22,90.2,92.0,98.9,92.6,70.5,99.7,57.3,86.3,87.8,95.9,best,95.85,91.1
24,89.7,93.2,94.2,85.8,100.0,79.2,84.1,70.8,93.0,97.4,best,86.2,84.1
=25,89.4,100.0,70.0,100.0,67.3,99.8,98.9,12.7,76.0,82.6,best,99.9,47.65
=25,89.4,98.9,100.0,94.3,15.7,94.2,95.8,99.9,97.6,95.5,best,96.55000000000001,97.7
27,88.9,98.1,93.5,72.4,67.3,93.5,98.9,88.6,96.3,92.9,best,95.8,90.75
28,88.6,82.6,75.5,85.1,98.6,98.5,97.5,69.6,87.8,99.7,best,90.55,84.65
29,88.5,100.0,97.9,68.8,45.7,99.1,99.4,97.9,100.0,97.0,best,99.55,97.45
30,88.4,93.7,46.4,92.8,84.8,95.1,73.3,88.5,83.1,75.5,best,94.4,82.0
31,88.3,96.2,99.0,70.2,74.4,91.8,76.4,99.5,96.5,98.4,best,94.0,98.95
=32,87.4,97.9,99.0,91.7,40.9,82.6,67.1,100.0,91.8,93.1,best,90.25,96.55
=32,87.4,94.2,93.3,95.0,75.9,67.3,91.2,100.0,84.1,68.2,best,80.75,84.1
34,87.2,99.6,99.9,54.3,77.3,98.2,69.7,99.7,98.3,99.5,best,98.9,99.6
35,86.4,98.6,99.5,56.8,58.2,98.8,91.9,95.3,98.2,99.4,best,98.69999999999999,97.35
=36,85.8,95.7,100.0,93.0,11.3,87.5,86.7,100.0,91.7,94.7,best,91.6,97.35
=36,85.8,100.0,44.0,69.9,92.4,99.9,100.0,15.9,92.3,88.8,best,99.95,52.35
=38,85.6,99.9,98.1,44.5,100.0,99.9,100.0,48.5,77.9,98.4,best,99.9,73.45
=38,85.6,99.7,27.5,81.2,85.6,99.1,100.0,13.2,90.8,77.6,best,99.4,45.4
40,85.5,99.6,79.8,70.9,34.7,96.5,84.9,98.5,98.5,96.6,best,98.05,97.55
41,85.4,58.1,99.2,97.3,94.8,99.8,99.1,99.9,77.9,93.0,best,78.95,96.45
=42,85.1,92.2,67.2,71.2,99.1,89.4,99.5,57.7,74.4,86.5,best,90.80000000000001,72.1
=42,85.1,94.3,100.0,94.2,26.5,79.5,66.6,100.0,92.5,97.0,best,86.9,98.5
44,84.8,89.4,99.3,100.0,67.5,69.7,76.6,100.0,79.7,49.5,best,79.55000000000001,74.75
45,84.7,99.3,56.1,54.5,85.7,98.5,99.1,73.9,77.2,96.0,best,98.9,84.95
46,84.4,100.0,31.8,84.3,43.6,100.0,98.0,50.8,78.0,93.5,best,100.0,72.15
=47,84.3,86.2,94.8,84.6,49.1,90.4,66.0,100.0,96.3,93.8,best,88.30000000000001,96.9
=47,84.3,92.7,19.1,100.0,64.5,93.8,88.2,40.9,82.5,77.7,best,93.25,59.3
49,84.0,87.0,23.5,100.0,53.0,97.2,74.4,94.1,63.0,94.0,best,92.1,94.05
50,82.9,91.6,74.3,67.9,84.3,97.8,94.4,30.5,87.7,78.0,best,94.69999999999999,54.25
51,82.5,87.3,95.7,83.2,36.7,89.4,63.1,90.7,97.0,95.3,best,88.35,93.0
52,82.3,80.1,98.7,98.6,51.1,94.4,79.9,52.4,66.2,79.2,best,87.25,65.8
53,81.5,92.5,95.8,87.2,27.5,72.6,90.3,98.8,64.0,95.1,really great,82.55,96.94999999999999
54,81.2,81.2,98.8,98.7,77.1,47.5,74.1,100.0,80.8,82.8,really great,64.35,91.4
55,81.1,98.6,99.7,31.7,89.0,99.9,99.5,33.1,91.3,93.5,really great,99.25,63.3
56,80.5,80.6,100.0,64.0,47.2,99.4,99.9,100.0,92.7,76.4,really great,90.0,88.2
57,80.2,99.7,29.2,50.9,94.3,99.3,85.9,22.9,84.0,85.5,really great,99.5,54.2
=58,80.1,97.1,53.2,62.3,41.0,95.5,76.8,80.3,87.0,95.5,really great,96.3,87.9
=58,80.1,92.3,86.8,47.4,74.2,96.7,77.7,69.2,84.7,92.9,really great,94.5,81.05000000000001
60,79.7,93.0,65.1,94.7,9.6,63.5,83.5,95.8,94.7,99.5,really great,78.25,97.65
61,79.6,89.2,64.0,68.2,77.0,95.4,93.6,24.5,85.9,67.7,really great,92.30000000000001,46.1
62,79.0,92.9,62.0,47.1,100.0,91.0,95.6,28.3,77.6,90.8,really great,91.95,59.55
=63,78.9,75.5,100.0,100.0,94.8,46.7,48.5,100.0,75.2,64.5,really great,61.1,82.25
=63,78.9,97.7,59.2,70.9,38.8,94.2,100.0,25.3,88.4,67.1,really great,95.95,46.199999999999996
65,77.5,91.7,95.5,79.1,17.6,55.2,96.9,100.0,95.7,88.8,really great,73.45,94.4
66,76.9,94.0,47.0,80.3,54.4,80.2,40.8,43.8,72.3,94.0,really great,87.1,68.9
67,76.5,53.5,76.2,93.2,92.4,75.6,97.8,100.0,62.7,81.0,really great,64.55,90.5
68,76.4,97.6,19.1,85.4,10.7,96.8,93.9,9.1,70.6,90.5,really great,97.19999999999999,49.8
69,76.2,72.4,67.0,82.2,84.5,64.3,81.9,91.0,72.6,80.1,really great,68.35,85.55
=70,75.9,91.7,70.1,81.6,8.6,91.5,92.5,14.2,75.9,91.3,really great,91.6,52.75
=70,75.9,75.3,72.7,42.4,99.9,99.4,82.9,45.9,92.7,98.5,really great,87.35,72.2
=72,75.7,80.1,82.0,56.6,68.1,64.1,96.1,98.8,98.8,97.1,really great,72.1,97.94999999999999
=72,75.7,93.2,66.8,68.8,56.4,62.1,84.2,35.5,89.2,99.4,really great,77.65,67.45
74,75.2,82.7,99.2,43.6,48.3,93.0,75.3,99.5,84.6,93.8,really great,87.85,96.65
75,73.9,82.5,94.9,66.0,28.7,68.1,95.3,100.0,73.8,89.4,really great,75.3,94.7
76,73.8,81.1,93.4,56.1,49.9,75.7,54.7,96.7,92.8,96.3,really great,78.4,96.5
77,73.7,69.0,100.0,99.2,15.1,56.5,82.6,100.0,83.7,93.2,really great,62.75,96.6
78,73.6,60.2,81.8,88.2,68.3,62.1,72.7,95.6,89.8,91.7,really great,61.150000000000006,93.65
79,73.4,88.3,99.1,44.8,50.3,73.5,44.5,98.0,95.4,97.0,really great,80.9,97.5
80,73.0,87.1,71.4,41.4,99.8,72.2,34.6,66.2,85.5,94.7,really great,79.65,80.45
81,72.7,90.1,45.8,69.2,49.2,74.8,79.9,14.7,74.9,95.0,really great,82.44999999999999,54.85
=82,72.6,78.3,97.5,69.8,30.5,62.7,70.4,100.0,86.1,96.7,really great,70.5,98.35
=82,72.6,86.1,38.2,67.2,29.1,85.8,79.2,37.4,95.4,97.4,really great,85.94999999999999,67.4
84,72.3,98.1,78.5,2.3,82.0,95.8,99.9,72.3,66.1,75.8,really great,96.94999999999999,74.05
85,72.1,85.0,43.4,54.2,87.6,95.7,33.5,29.8,74.2,67.8,really great,90.35,48.8
86,72.0,81.8,96.3,48.8,39.7,82.1,62.9,89.7,76.4,99.2,really great,81.94999999999999,94.45
87,71.2,62.6,98.6,87.8,40.1,55.9,58.6,96.8,95.1,97.4,really great,59.25,97.1
=88,71.1,75.3,92.8,61.9,40.6,86.7,86.9,40.0,73.7,84.9,really great,81.0,62.45
=88,71.1,88.3,56.0,84.3,8.3,66.4,46.9,73.8,65.4,94.4,really great,77.35,84.1
=88,71.1,74.3,55.3,62.4,16.4,92.7,81.0,96.4,88.4,91.0,really great,83.5,93.7
91,71.0,90.5,21.1,65.8,45.6,90.0,51.4,25.2,79.5,72.0,really great,90.25,48.6
92,70.9,73.0,98.0,68.4,50.3,61.7,47.9,81.6,94.3,96.8,really great,67.35,89.19999999999999
93,70.3,74.7,82.9,55.9,66.3,48.1,82.9,99.7,94.4,95.9,really great,61.400000000000006,97.80000000000001
=94,70.1,74.1,94.5,42.9,37.3,91.9,53.6,99.2,95.2,90.9,really great,83.0,95.05000000000001
=94,70.1,70.9,78.6,71.5,44.6,53.0,77.1,99.4,90.7,94.5,really great,61.95,96.95
96,69.9,58.7,91.7,99.3,11.8,66.7,52.3,97.6,92.0,89.7,great,62.7,93.65
97,69.4,75.4,78.5,48.6,44.5,78.4,53.7,92.7,92.9,97.4,great,76.9,95.05000000000001
=98,69.1,57.1,56.9,77.1,48.9,87.4,61.5,83.8,79.5,86.9,great,72.25,85.35
=98,69.1,83.4,69.3,53.9,9.3,90.1,72.0,74.4,72.9,87.0,great,86.75,80.7
100,68.5,71.0,57.8,52.3,95.2,43.5,90.8,100.0,69.8,93.5,great,57.25,96.75
101,68.4,85.5,26.5,36.6,99.6,41.7,94.4,87.3,76.3,98.0,great,63.6,92.65
102,67.9,61.3,4.2,98.3,99.9,83.3,16.0,31.6,64.3,29.6,great,72.3,30.6
=103,67.7,72.1,15.9,99.0,37.2,61.2,39.7,82.9,59.5,69.5,great,66.65,76.2
=103,67.7,79.3,30.5,77.9,39.5,49.2,73.2,63.4,75.1,97.8,great,64.25,80.6
=105,67.6,83.7,96.0,7.3,99.9,87.9,98.3,25.5,48.8,87.0,great,85.80000000000001,56.25
=105,67.6,57.7,93.0,79.7,10.7,95.7,55.9,59.6,82.9,86.0,great,76.7,72.8
107,67.5,44.8,95.9,90.9,98.4,36.2,60.5,100.0,68.0,87.1,great,40.5,93.55
108,67.3,97.3,3.5,40.3,30.5,81.0,98.8,9.2,89.0,95.3,great,89.15,52.25
109,66.7,84.5,19.4,35.5,98.2,86.5,36.5,20.5,82.0,70.1,great,85.5,45.3
=110,66.6,63.6,99.9,83.4,31.0,47.1,40.1,99.9,82.4,91.9,great,55.35,95.9
=110,66.6,85.7,37.0,28.1,84.3,63.1,91.0,57.7,72.5,88.9,great,74.4,73.30000000000001
112,66.5,43.3,98.6,73.3,73.8,56.5,98.9,100.0,72.2,89.6,great,49.9,94.8
113,66.4,61.5,99.7,51.3,63.8,74.9,28.9,98.8,86.2,87.7,great,68.2,93.25
=114,66.3,57.5,60.0,79.6,35.1,56.1,97.1,97.2,88.3,80.9,great,56.8,89.05000000000001
=114,66.3,72.7,61.9,66.5,28.3,70.1,38.0,86.5,79.8,90.8,great,71.4,88.65
=116,66.1,98.0,7.8,14.2,35.1,98.6,99.9,42.0,80.0,81.2,great,98.3,61.6
=116,66.1,74.5,13.1,62.7,66.9,37.7,94.2,78.5,95.6,96.1,great,56.1,87.3
118,66.0,66.5,89.6,62.0,19.7,57.6,92.2,99.5,91.7,89.0,great,62.05,94.25
=119,65.7,80.4,68.4,64.9,30.3,46.3,61.2,89.7,58.6,94.3,great,63.35,92.0
=119,65.7,50.6,96.6,81.6,74.9,51.0,45.7,91.3,81.5,66.3,great,50.8,78.8
=119,65.7,67.8,46.0,67.7,78.4,27.7,86.6,95.8,72.3,96.8,great,47.75,96.3
=119,65.7,53.0,76.6,88.3,8.8,74.2,72.0,81.5,90.5,83.5,great,63.6,82.5
=123,65.5,76.0,60.4,54.2,32.4,92.8,67.5,21.5,66.1,79.0,great,84.4,50.25
=123,65.5,67.9,1.9,93.1,21.9,95.0,50.5,3.2,79.9,66.9,great,81.45,35.050000000000004
125,65.3,55.1,95.2,91.3,7.2,60.3,49.9,100.0,87.9,83.1,great,57.7,91.55
=126,65.2,68.4,57.6,62.3,83.8,75.6,44.2,24.2,74.7,49.5,great,72.0,36.85
=126,65.2,76.2,94.7,30.1,78.7,76.4,35.5,50.1,74.7,86.1,great,76.30000000000001,68.1
128,64.9,90.7,14.8,62.9,7.8,66.4,91.5,4.0,81.9,95.9,great,78.55000000000001,49.95
129,64.8,73.3,1.6,82.9,16.1,96.7,72.6,6.5,75.2,46.6,great,85.0,26.55
130,64.5,94.3,47.6,43.4,10.5,75.3,27.5,75.7,58.4,95.0,great,84.8,85.35
131,64.3,68.3,25.5,74.1,42.4,41.7,79.4,96.7,73.2,96.3,great,55.0,96.5
=132,64.2,48.9,86.8,75.9,20.5,81.6,50.7,95.6,83.8,85.3,great,65.25,90.44999999999999
=132,64.2,57.6,7.8,99.4,98.1,50.6,42.8,14.9,55.3,74.4,great,54.1,44.650000000000006
=134,64.1,75.7,98.4,38.3,66.8,73.4,23.2,45.2,68.9,86.8,great,74.55000000000001,66.0
=134,64.1,77.6,99.3,38.4,47.6,79.8,29.1,34.7,74.5,92.5,great,78.69999999999999,63.6
136,64.0,99.2,5.4,4.1,47.1,95.9,97.9,10.0,82.2,93.6,great,97.55000000000001,51.8
137,63.9,62.9,81.0,49.1,49.5,68.7,40.5,92.5,90.9,95.8,great,65.8,94.15
=138,63.3,90.6,26.5,51.9,6.0,67.5,67.4,29.9,83.2,95.6,great,79.05,62.75
=138,63.3,47.7,97.3,85.8,13.6,56.7,62.2,100.0,90.6,91.0,great,52.2,95.5
=140,63.2,40.5,95.7,81.9,43.6,77.3,33.1,100.0,74.1,74.3,great,58.9,87.15
=140,63.2,49.4,81.6,75.7,20.7,74.8,94.0,81.8,62.2,81.8,great,62.099999999999994,81.8
=140,63.2,72.2,25.0,47.9,85.6,55.5,74.0,31.1,83.9,89.5,great,63.85,60.3
143,63.1,54.8,29.2,65.6,55.7,57.7,99.4,100.0,63.1,96.8,great,56.25,98.4
144,63.0,72.9,20.7,75.5,6.2,81.5,63.8,28.0,61.0,93.0,great,77.2,60.5
145,62.8,64.6,84.5,34.3,70.6,79.4,47.6,64.2,68.3,89.0,great,72.0,76.6
146,62.6,61.2,81.2,66.2,19.6,69.6,98.0,15.8,92.1,87.8,great,65.4,51.8
=147,62.5,65.1,79.4,73.6,28.3,29.5,90.5,83.0,72.1,96.7,great,47.3,89.85
=147,62.5,67.2,89.4,53.0,56.2,41.6,53.5,95.4,67.6,93.4,great,54.400000000000006,94.4
=147,62.5,60.7,91.1,61.7,37.3,48.8,47.8,92.4,92.4,97.0,great,54.75,94.7
150,62.3,58.2,27.9,75.4,14.6,62.3,97.7,66.1,92.1,97.7,great,60.25,81.9
1,100.0,100.0,91.6,100.0,100.0,100.0,100.0,100.0,93.8,94.1,best,100.0,97.05
2,99.4,99.6,100.0,95.0,99.3,100.0,95.9,100.0,98.3,97.5,best,99.8,98.75
3,98.9,100.0,73.5,99.7,100.0,100.0,100.0,94.2,95.4,96.5,best,100.0,95.35
4,97.9,100.0,98.6,91.0,100.0,100.0,100.0,98.8,77.9,100.0,best,100.0,99.4
5,97.7,100.0,81.4,100.0,98.3,100.0,100.0,79.1,77.8,99.4,best,100.0,89.25
6,97.2,100.0,93.1,88.6,100.0,100.0,100.0,100.0,78.4,99.2,best,100.0,99.6
7,96.7,99.7,99.3,98.8,71.7,96.3,95.0,100.0,99.6,95.8,best,98.0,97.9
8,95.9,99.9,96.9,95.9,71.5,98.2,100.0,100.0,90.0,92.4,best,99.05000000000001,96.2
9,95.8,99.9,100.0,80.9,94.8,99.4,89.3,99.6,98.5,99.9,best,99.65,99.75
10,94.3,98.3,90.7,100.0,100.0,99.2,49.1,100.0,79.2,61.8,best,98.75,80.9
11,94.2,99.3,100.0,96.6,85.3,82.5,99.8,100.0,84.8,82.3,best,90.9,91.15
12,93.7,97.1,93.1,94.6,83.9,91.4,87.7,100.0,87.2,86.9,best,94.25,93.45
13,93.0,99.8,92.8,78.1,97.3,99.3,99.8,86.1,73.3,87.7,best,99.55,86.9
14,92.6,99.9,37.3,99.2,96.2,99.6,97.0,59.9,70.6,83.2,best,99.75,71.55
15,92.5,98.9,76.3,72.0,99.9,98.7,100.0,96.9,95.0,89.4,best,98.80000000000001,93.15
16,91.6,99.5,75.7,98.0,64.3,98.8,99.3,57.6,76.8,93.0,best,99.15,75.3
=17,91.2,99.9,31.9,99.6,97.1,99.7,97.0,39.5,68.7,80.4,best,99.80000000000001,59.95
=17,91.2,100.0,70.6,97.2,29.4,100.0,99.8,95.6,98.8,96.7,best,100.0,96.15
19,90.8,99.7,100.0,94.8,20.5,97.4,98.3,96.7,98.2,96.9,best,98.55000000000001,96.80000000000001
20,90.7,96.3,99.9,96.9,29.9,93.5,98.7,100.0,97.0,97.6,best,94.9,98.8
21,90.4,100.0,72.7,64.8,100.0,100.0,99.8,86.7,82.4,92.9,best,100.0,89.80000000000001
=22,90.2,92.7,100.0,93.1,90.0,88.0,47.3,100.0,85.3,83.6,best,90.35,91.8
=22,90.2,92.0,98.9,92.6,70.5,99.7,57.3,86.3,87.8,95.9,best,95.85,91.1
24,89.7,93.2,94.2,85.8,100.0,79.2,84.1,70.8,93.0,97.4,best,86.2,84.1
=25,89.4,100.0,70.0,100.0,67.3,99.8,98.9,12.7,76.0,82.6,best,99.9,47.65
=25,89.4,98.9,100.0,94.3,15.7,94.2,95.8,99.9,97.6,95.5,best,96.55000000000001,97.7
27,88.9,98.1,93.5,72.4,67.3,93.5,98.9,88.6,96.3,92.9,best,95.8,90.75
28,88.6,82.6,75.5,85.1,98.6,98.5,97.5,69.6,87.8,99.7,best,90.55,84.65
29,88.5,100.0,97.9,68.8,45.7,99.1,99.4,97.9,100.0,97.0,best,99.55,97.45
30,88.4,93.7,46.4,92.8,84.8,95.1,73.3,88.5,83.1,75.5,best,94.4,82.0
31,88.3,96.2,99.0,70.2,74.4,91.8,76.4,99.5,96.5,98.4,best,94.0,98.95
=32,87.4,97.9,99.0,91.7,40.9,82.6,67.1,100.0,91.8,93.1,best,90.25,96.55
=32,87.4,94.2,93.3,95.0,75.9,67.3,91.2,100.0,84.1,68.2,best,80.75,84.1
34,87.2,99.6,99.9,54.3,77.3,98.2,69.7,99.7,98.3,99.5,best,98.9,99.6
35,86.4,98.6,99.5,56.8,58.2,98.8,91.9,95.3,98.2,99.4,best,98.69999999999999,97.35
=36,85.8,95.7,100.0,93.0,11.3,87.5,86.7,100.0,91.7,94.7,best,91.6,97.35
=36,85.8,100.0,44.0,69.9,92.4,99.9,100.0,15.9,92.3,88.8,best,99.95,52.35
=38,85.6,99.9,98.1,44.5,100.0,99.9,100.0,48.5,77.9,98.4,best,99.9,73.45
=38,85.6,99.7,27.5,81.2,85.6,99.1,100.0,13.2,90.8,77.6,best,99.4,45.4
40,85.5,99.6,79.8,70.9,34.7,96.5,84.9,98.5,98.5,96.6,best,98.05,97.55
41,85.4,58.1,99.2,97.3,94.8,99.8,99.1,99.9,77.9,93.0,best,78.95,96.45
=42,85.1,92.2,67.2,71.2,99.1,89.4,99.5,57.7,74.4,86.5,best,90.80000000000001,72.1
=42,85.1,94.3,100.0,94.2,26.5,79.5,66.6,100.0,92.5,97.0,best,86.9,98.5
44,84.8,89.4,99.3,100.0,67.5,69.7,76.6,100.0,79.7,49.5,best,79.55000000000001,74.75
45,84.7,99.3,56.1,54.5,85.7,98.5,99.1,73.9,77.2,96.0,best,98.9,84.95
46,84.4,100.0,31.8,84.3,43.6,100.0,98.0,50.8,78.0,93.5,best,100.0,72.15
=47,84.3,86.2,94.8,84.6,49.1,90.4,66.0,100.0,96.3,93.8,best,88.30000000000001,96.9
=47,84.3,92.7,19.1,100.0,64.5,93.8,88.2,40.9,82.5,77.7,best,93.25,59.3
49,84.0,87.0,23.5,100.0,53.0,97.2,74.4,94.1,63.0,94.0,best,92.1,94.05
50,82.9,91.6,74.3,67.9,84.3,97.8,94.4,30.5,87.7,78.0,best,94.69999999999999,54.25
51,82.5,87.3,95.7,83.2,36.7,89.4,63.1,90.7,97.0,95.3,best,88.35,93.0
52,82.3,80.1,98.7,98.6,51.1,94.4,79.9,52.4,66.2,79.2,best,87.25,65.8
53,81.5,92.5,95.8,87.2,27.5,72.6,90.3,98.8,64.0,95.1,really great,82.55,96.94999999999999
54,81.2,81.2,98.8,98.7,77.1,47.5,74.1,100.0,80.8,82.8,really great,64.35,91.4
55,81.1,98.6,99.7,31.7,89.0,99.9,99.5,33.1,91.3,93.5,really great,99.25,63.3
56,80.5,80.6,100.0,64.0,47.2,99.4,99.9,100.0,92.7,76.4,really great,90.0,88.2
57,80.2,99.7,29.2,50.9,94.3,99.3,85.9,22.9,84.0,85.5,really great,99.5,54.2
=58,80.1,97.1,53.2,62.3,41.0,95.5,76.8,80.3,87.0,95.5,really great,96.3,87.9
=58,80.1,92.3,86.8,47.4,74.2,96.7,77.7,69.2,84.7,92.9,really great,94.5,81.05000000000001
60,79.7,93.0,65.1,94.7,9.6,63.5,83.5,95.8,94.7,99.5,really great,78.25,97.65
61,79.6,89.2,64.0,68.2,77.0,95.4,93.6,24.5,85.9,67.7,really great,92.30000000000001,46.1
62,79.0,92.9,62.0,47.1,100.0,91.0,95.6,28.3,77.6,90.8,really great,91.95,59.55
=63,78.9,75.5,100.0,100.0,94.8,46.7,48.5,100.0,75.2,64.5,really great,61.1,82.25
=63,78.9,97.7,59.2,70.9,38.8,94.2,100.0,25.3,88.4,67.1,really great,95.95,46.199999999999996
65,77.5,91.7,95.5,79.1,17.6,55.2,96.9,100.0,95.7,88.8,really great,73.45,94.4
66,76.9,94.0,47.0,80.3,54.4,80.2,40.8,43.8,72.3,94.0,really great,87.1,68.9
67,76.5,53.5,76.2,93.2,92.4,75.6,97.8,100.0,62.7,81.0,really great,64.55,90.5
68,76.4,97.6,19.1,85.4,10.7,96.8,93.9,9.1,70.6,90.5,really great,97.19999999999999,49.8
69,76.2,72.4,67.0,82.2,84.5,64.3,81.9,91.0,72.6,80.1,really great,68.35,85.55
=70,75.9,91.7,70.1,81.6,8.6,91.5,92.5,14.2,75.9,91.3,really great,91.6,52.75
=70,75.9,75.3,72.7,42.4,99.9,99.4,82.9,45.9,92.7,98.5,really great,87.35,72.2
=72,75.7,80.1,82.0,56.6,68.1,64.1,96.1,98.8,98.8,97.1,really great,72.1,97.94999999999999
=72,75.7,93.2,66.8,68.8,56.4,62.1,84.2,35.5,89.2,99.4,really great,77.65,67.45
74,75.2,82.7,99.2,43.6,48.3,93.0,75.3,99.5,84.6,93.8,really great,87.85,96.65
75,73.9,82.5,94.9,66.0,28.7,68.1,95.3,100.0,73.8,89.4,really great,75.3,94.7
76,73.8,81.1,93.4,56.1,49.9,75.7,54.7,96.7,92.8,96.3,really great,78.4,96.5
77,73.7,69.0,100.0,99.2,15.1,56.5,82.6,100.0,83.7,93.2,really great,62.75,96.6
78,73.6,60.2,81.8,88.2,68.3,62.1,72.7,95.6,89.8,91.7,really great,61.150000000000006,93.65
79,73.4,88.3,99.1,44.8,50.3,73.5,44.5,98.0,95.4,97.0,really great,80.9,97.5
80,73.0,87.1,71.4,41.4,99.8,72.2,34.6,66.2,85.5,94.7,really great,79.65,80.45
81,72.7,90.1,45.8,69.2,49.2,74.8,79.9,14.7,74.9,95.0,really great,82.44999999999999,54.85
=82,72.6,78.3,97.5,69.8,30.5,62.7,70.4,100.0,86.1,96.7,really great,70.5,98.35
=82,72.6,86.1,38.2,67.2,29.1,85.8,79.2,37.4,95.4,97.4,really great,85.94999999999999,67.4
84,72.3,98.1,78.5,2.3,82.0,95.8,99.9,72.3,66.1,75.8,really great,96.94999999999999,74.05
85,72.1,85.0,43.4,54.2,87.6,95.7,33.5,29.8,74.2,67.8,really great,90.35,48.8
86,72.0,81.8,96.3,48.8,39.7,82.1,62.9,89.7,76.4,99.2,really great,81.94999999999999,94.45
87,71.2,62.6,98.6,87.8,40.1,55.9,58.6,96.8,95.1,97.4,really great,59.25,97.1
=88,71.1,75.3,92.8,61.9,40.6,86.7,86.9,40.0,73.7,84.9,really great,81.0,62.45
=88,71.1,88.3,56.0,84.3,8.3,66.4,46.9,73.8,65.4,94.4,really great,77.35,84.1
=88,71.1,74.3,55.3,62.4,16.4,92.7,81.0,96.4,88.4,91.0,really great,83.5,93.7
91,71.0,90.5,21.1,65.8,45.6,90.0,51.4,25.2,79.5,72.0,really great,90.25,48.6
92,70.9,73.0,98.0,68.4,50.3,61.7,47.9,81.6,94.3,96.8,really great,67.35,89.19999999999999
93,70.3,74.7,82.9,55.9,66.3,48.1,82.9,99.7,94.4,95.9,really great,61.400000000000006,97.80000000000001
=94,70.1,74.1,94.5,42.9,37.3,91.9,53.6,99.2,95.2,90.9,really great,83.0,95.05000000000001
=94,70.1,70.9,78.6,71.5,44.6,53.0,77.1,99.4,90.7,94.5,really great,61.95,96.95
96,69.9,58.7,91.7,99.3,11.8,66.7,52.3,97.6,92.0,89.7,great,62.7,93.65
97,69.4,75.4,78.5,48.6,44.5,78.4,53.7,92.7,92.9,97.4,great,76.9,95.05000000000001
=98,69.1,57.1,56.9,77.1,48.9,87.4,61.5,83.8,79.5,86.9,great,72.25,85.35
=98,69.1,83.4,69.3,53.9,9.3,90.1,72.0,74.4,72.9,87.0,great,86.75,80.7
100,68.5,71.0,57.8,52.3,95.2,43.5,90.8,100.0,69.8,93.5,great,57.25,96.75
101,68.4,85.5,26.5,36.6,99.6,41.7,94.4,87.3,76.3,98.0,great,63.6,92.65
102,67.9,61.3,4.2,98.3,99.9,83.3,16.0,31.6,64.3,29.6,great,72.3,30.6
=103,67.7,72.1,15.9,99.0,37.2,61.2,39.7,82.9,59.5,69.5,great,66.65,76.2
=103,67.7,79.3,30.5,77.9,39.5,49.2,73.2,63.4,75.1,97.8,great,64.25,80.6
=105,67.6,83.7,96.0,7.3,99.9,87.9,98.3,25.5,48.8,87.0,great,85.80000000000001,56.25
=105,67.6,57.7,93.0,79.7,10.7,95.7,55.9,59.6,82.9,86.0,great,76.7,72.8
107,67.5,44.8,95.9,90.9,98.4,36.2,60.5,100.0,68.0,87.1,great,40.5,93.55
108,67.3,97.3,3.5,40.3,30.5,81.0,98.8,9.2,89.0,95.3,great,89.15,52.25
109,66.7,84.5,19.4,35.5,98.2,86.5,36.5,20.5,82.0,70.1,great,85.5,45.3
=110,66.6,63.6,99.9,83.4,31.0,47.1,40.1,99.9,82.4,91.9,great,55.35,95.9
=110,66.6,85.7,37.0,28.1,84.3,63.1,91.0,57.7,72.5,88.9,great,74.4,73.30000000000001
112,66.5,43.3,98.6,73.3,73.8,56.5,98.9,100.0,72.2,89.6,great,49.9,94.8
113,66.4,61.5,99.7,51.3,63.8,74.9,28.9,98.8,86.2,87.7,great,68.2,93.25
=114,66.3,57.5,60.0,79.6,35.1,56.1,97.1,97.2,88.3,80.9,great,56.8,89.05000000000001
=114,66.3,72.7,61.9,66.5,28.3,70.1,38.0,86.5,79.8,90.8,great,71.4,88.65
=116,66.1,98.0,7.8,14.2,35.1,98.6,99.9,42.0,80.0,81.2,great,98.3,61.6
=116,66.1,74.5,13.1,62.7,66.9,37.7,94.2,78.5,95.6,96.1,great,56.1,87.3
118,66.0,66.5,89.6,62.0,19.7,57.6,92.2,99.5,91.7,89.0,great,62.05,94.25
=119,65.7,80.4,68.4,64.9,30.3,46.3,61.2,89.7,58.6,94.3,great,63.35,92.0
=119,65.7,50.6,96.6,81.6,74.9,51.0,45.7,91.3,81.5,66.3,great,50.8,78.8
=119,65.7,67.8,46.0,67.7,78.4,27.7,86.6,95.8,72.3,96.8,great,47.75,96.3
=119,65.7,53.0,76.6,88.3,8.8,74.2,72.0,81.5,90.5,83.5,great,63.6,82.5
=123,65.5,76.0,60.4,54.2,32.4,92.8,67.5,21.5,66.1,79.0,great,84.4,50.25
=123,65.5,67.9,1.9,93.1,21.9,95.0,50.5,3.2,79.9,66.9,great,81.45,35.050000000000004
125,65.3,55.1,95.2,91.3,7.2,60.3,49.9,100.0,87.9,83.1,great,57.7,91.55
=126,65.2,68.4,57.6,62.3,83.8,75.6,44.2,24.2,74.7,49.5,great,72.0,36.85
=126,65.2,76.2,94.7,30.1,78.7,76.4,35.5,50.1,74.7,86.1,great,76.30000000000001,68.1
128,64.9,90.7,14.8,62.9,7.8,66.4,91.5,4.0,81.9,95.9,great,78.55000000000001,49.95
129,64.8,73.3,1.6,82.9,16.1,96.7,72.6,6.5,75.2,46.6,great,85.0,26.55
130,64.5,94.3,47.6,43.4,10.5,75.3,27.5,75.7,58.4,95.0,great,84.8,85.35
131,64.3,68.3,25.5,74.1,42.4,41.7,79.4,96.7,73.2,96.3,great,55.0,96.5
=132,64.2,48.9,86.8,75.9,20.5,81.6,50.7,95.6,83.8,85.3,great,65.25,90.44999999999999
=132,64.2,57.6,7.8,99.4,98.1,50.6,42.8,14.9,55.3,74.4,great,54.1,44.650000000000006
=134,64.1,75.7,98.4,38.3,66.8,73.4,23.2,45.2,68.9,86.8,great,74.55000000000001,66.0
=134,64.1,77.6,99.3,38.4,47.6,79.8,29.1,34.7,74.5,92.5,great,78.69999999999999,63.6
136,64.0,99.2,5.4,4.1,47.1,95.9,97.9,10.0,82.2,93.6,great,97.55000000000001,51.8
137,63.9,62.9,81.0,49.1,49.5,68.7,40.5,92.5,90.9,95.8,great,65.8,94.15
=138,63.3,90.6,26.5,51.9,6.0,67.5,67.4,29.9,83.2,95.6,great,79.05,62.75
=138,63.3,47.7,97.3,85.8,13.6,56.7,62.2,100.0,90.6,91.0,great,52.2,95.5
=140,63.2,40.5,95.7,81.9,43.6,77.3,33.1,100.0,74.1,74.3,great,58.9,87.15
=140,63.2,49.4,81.6,75.7,20.7,74.8,94.0,81.8,62.2,81.8,great,62.099999999999994,81.8
=140,63.2,72.2,25.0,47.9,85.6,55.5,74.0,31.1,83.9,89.5,great,63.85,60.3
143,63.1,54.8,29.2,65.6,55.7,57.7,99.4,100.0,63.1,96.8,great,56.25,98.4
144,63.0,72.9,20.7,75.5,6.2,81.5,63.8,28.0,61.0,93.0,great,77.2,60.5
145,62.8,64.6,84.5,34.3,70.6,79.4,47.6,64.2,68.3,89.0,great,72.0,76.6
146,62.6,61.2,81.2,66.2,19.6,69.6,98.0,15.8,92.1,87.8,great,65.4,51.8
=147,62.5,65.1,79.4,73.6,28.3,29.5,90.5,83.0,72.1,96.7,great,47.3,89.85
=147,62.5,67.2,89.4,53.0,56.2,41.6,53.5,95.4,67.6,93.4,great,54.400000000000006,94.4
=147,62.5,60.7,91.1,61.7,37.3,48.8,47.8,92.4,92.4,97.0,great,54.75,94.7
150,62.3,58.2,27.9,75.4,14.6,62.3,97.7,66.1,92.1,97.7,great,60.25,81.9
151,62.0,42.3,68.7,93.5,5.2,53.5,98.0,100.0,94.0,83.6,great,47.9,91.8
152,61.9,82.3,96.6,22.2,31.0,46.4,92.8,100.0,71.8,96.3,great,64.35,98.15
=153,61.6,64.0,91.4,57.8,58.8,72.1,19.9,15.5,69.2,90.6,great,68.05,53.05
=153,61.6,55.0,90.7,54.8,99.5,34.4,32.9,72.0,91.2,97.2,great,44.7,84.6
=155,61.5,57.9,77.8,55.8,42.0,58.5,40.9,94.8,93.9,95.8,great,58.2,95.3
=155,61.5,55.3,98.6,70.3,47.4,34.8,63.1,100.0,66.5,92.1,great,45.05,96.05
157,61.4,51.2,93.3,77.5,36.1,45.8,38.2,96.4,89.2,87.0,great,48.5,91.7
158,61.3,34.0,91.4,94.2,70.2,20.7,74.9,100.0,88.4,90.4,great,27.35,95.2
159,61.2,58.2,70.1,42.9,81.7,81.9,54.5,23.7,82.8,65.5,great,70.05000000000001,44.6
160,61.0,84.9,40.8,47.8,19.0,48.9,77.0,39.9,84.7,96.4,great,66.9,68.15
161,60.9,67.3,21.1,61.2,13.9,62.9,75.6,67.2,94.2,97.6,great,65.1,82.4
162,60.8,68.2,33.8,32.4,84.5,39.1,84.9,83.4,94.0,99.2,great,53.650000000000006,91.30000000000001
163,60.7,67.5,9.2,47.8,41.4,76.6,44.9,83.1,77.5,95.0,great,72.05,89.05
164,60.3,74.2,27.6,38.2,84.2,71.5,39.2,22.6,74.1,66.0,great,72.85,44.3
165,60.2,34.6,74.3,80.9,59.5,56.6,53.3,100.0,82.7,77.0,great,45.6,88.5
166,59.8,60.7,83.2,2.1,99.6,86.3,66.2,80.9,62.8,75.7,great,73.5,78.30000000000001
167,59.6,46.5,81.8,62.6,99.8,25.7,55.1,93.1,85.8,74.8,great,36.1,83.94999999999999
168,59.5,66.1,66.4,26.3,79.5,44.0,65.4,91.5,89.9,88.7,great,55.05,90.1
169,59.4,56.8,75.4,53.8,55.8,42.3,41.0,92.4,93.2,96.0,great,49.55,94.2
=170,59.3,71.5,20.5,42.7,76.8,68.8,26.4,28.2,78.5,77.5,great,70.15,52.85
=170,59.3,71.3,39.0,34.2,87.1,72.1,20.9,24.5,74.8,76.4,great,71.69999999999999,50.45
172,59.2,76.4,27.2,76.2,15.2,42.1,30.4,26.5,90.3,93.7,great,59.25,60.1
=173,59.1,63.9,53.2,61.5,9.5,63.3,42.2,72.5,85.8,95.2,great,63.599999999999994,83.85
=173,59.1,52.5,66.3,56.6,61.8,43.6,60.0,94.6,86.6,84.3,great,48.05,89.44999999999999
=173,59.1,91.9,8.1,18.2,10.9,92.0,97.6,12.2,69.5,77.9,great,91.95,45.050000000000004
176,59.0,67.0,37.3,73.5,34.2,77.1,25.4,26.7,57.8,42.1,great,72.05,34.4
=177,58.8,34.3,83.0,83.9,83.2,42.8,12.6,100.0,68.1,81.1,great,38.55,90.55
=177,58.8,45.2,47.4,99.6,31.2,41.2,33.4,92.6,77.2,74.6,great,43.2,83.6
179,58.7,65.3,27.5,99.0,9.3,32.4,25.6,81.3,65.2,75.4,great,48.849999999999994,78.35
180,58.4,56.8,3.2,90.2,21.3,85.8,45.8,3.1,73.0,45.6,great,71.3,24.35
181,57.8,60.1,70.1,42.2,48.2,54.4,33.5,87.2,88.9,93.4,great,57.25,90.30000000000001
182,57.7,34.5,49.6,85.7,92.8,37.7,42.4,70.0,63.5,85.0,great,36.1,77.5
183,57.6,46.3,54.3,89.6,17.7,39.3,37.9,100.0,82.0,94.2,great,42.8,97.1
=184,57.5,38.0,52.9,99.3,49.0,26.0,37.2,100.0,68.9,95.5,great,32.0,97.75
=184,57.5,41.6,82.2,95.6,21.1,33.1,25.8,99.5,86.1,88.6,great,37.35,94.05
186,57.3,53.6,10.7,98.0,21.3,46.7,58.9,47.1,60.8,77.8,great,50.150000000000006,62.45
=187,57.1,78.5,32.9,12.8,41.6,73.9,97.3,18.2,80.4,92.7,great,76.2,55.45
=187,57.1,69.9,18.3,4.8,69.4,93.9,97.4,24.5,73.8,74.6,great,81.9,49.55
189,57.0,69.9,10.9,3.9,68.8,89.3,87.2,86.6,60.9,59.6,great,79.6,73.1
190,56.9,71.1,20.6,33.8,53.1,63.0,66.0,37.4,69.2,93.7,great,67.05,65.55
=191,56.8,50.9,35.5,56.3,7.9,75.7,92.3,75.6,86.6,79.0,great,63.3,77.3
=191,56.8,61.7,63.1,59.5,6.4,36.0,82.0,94.5,81.3,91.6,great,48.85,93.05
193,56.5,64.0,31.3,54.6,25.6,51.7,49.9,58.8,94.1,93.8,great,57.85,76.3
=194,56.2,45.7,85.8,63.0,20.2,46.8,57.6,95.0,92.4,93.3,great,46.25,94.15
=194,56.2,53.3,57.6,80.7,23.3,28.8,56.4,82.9,68.8,90.1,great,41.05,86.5
196,56.1,73.6,43.7,7.3,29.5,97.2,90.7,35.2,74.3,63.1,great,85.4,49.150000000000006
=197,55.8,47.6,95.9,71.1,18.5,56.3,29.1,91.8,59.0,71.9,great,51.95,81.85
=197,55.8,60.0,39.6,63.2,14.8,36.0,68.7,100.0,88.2,76.5,great,48.0,88.25
=199,55.7,42.1,31.9,71.8,55.4,68.5,75.8,29.1,74.1,54.1,great,55.3,41.6
=199,55.7,49.6,98.8,57.5,30.3,43.4,19.5,100.0,89.5,95.4,great,46.5,97.7
201,55.6,56.8,44.2,66.4,31.1,35.3,47.2,78.7,85.6,89.5,great,46.05,84.1
202,55.5,46.4,85.8,45.4,73.0,24.6,71.0,94.1,92.9,93.7,great,35.5,93.9
=203,55.2,66.4,24.4,39.8,33.8,79.4,56.3,28.6,79.7,58.0,great,72.9,43.3
=203,55.2,29.3,95.2,77.0,56.0,40.5,32.6,100.0,79.6,85.4,great,34.9,92.7
205,55.1,41.7,23.9,89.2,98.8,25.7,17.9,61.5,50.2,73.1,great,33.7,67.3
206,55.0,73.1,29.6,26.5,39.7,71.5,52.5,22.3,72.5,92.5,very good,72.3,57.4
=207,54.9,42.3,83.3,86.2,5.9,32.6,43.6,97.2,86.7,86.8,very good,37.45,92.0
=207,54.9,67.7,56.4,24.9,76.5,35.5,50.0,51.4,86.4,96.2,very good,51.6,73.8
=207,54.9,57.2,24.9,60.5,44.2,51.8,59.7,28.0,70.7,92.9,very good,54.5,60.45
210,54.8,68.6,15.4,49.2,37.2,49.4,67.2,6.5,91.1,91.2,very good,59.0,48.85
211,54.7,47.6,76.9,54.6,24.4,50.5,61.5,87.4,86.0,86.2,very good,49.05,86.80000000000001
=212,54.6,81.5,3.3,10.8,17.6,90.5,98.4,28.7,75.9,54.7,very good,86.0,41.7
=212,54.6,58.9,18.1,34.7,75.1,55.8,67.9,31.4,74.9,98.2,very good,57.349999999999994,64.8
=212,54.6,37.0,67.0,69.0,49.0,40.2,61.1,100.0,70.3,83.5,very good,38.6,91.75
=215,54.5,61.0,40.5,32.2,85.7,36.1,36.5,88.2,64.5,93.6,very good,48.55,90.9
=215,54.5,65.5,19.6,9.4,65.2,93.8,95.8,15.2,68.9,55.6,very good,79.65,35.4
218,54.3,47.2,42.0,58.6,74.9,49.2,12.5,40.4,87.9,95.3,very good,48.2,67.85
=219,54.2,56.6,2.1,99.9,39.1,46.4,15.1,5.6,66.3,45.4,very good,51.5,25.5
=219,54.2,35.8,85.5,84.8,5.4,38.7,50.0,96.1,86.8,92.3,very good,37.25,94.19999999999999
221,53.9,82.0,6.2,12.5,44.8,52.7,96.4,32.0,80.0,80.6,very good,67.35,56.3
222,53.7,49.4,1.4,84.1,16.1,82.7,47.6,3.1,74.7,42.1,very good,66.05,22.6
223,53.6,43.6,15.3,99.7,6.1,31.0,94.2,48.9,77.0,78.3,very good,37.3,63.599999999999994
224,53.5,70.2,8.9,3.0,65.4,84.7,75.9,63.0,66.0,46.3,very good,77.45,54.65
225,53.3,42.8,71.1,50.6,26.9,64.5,33.2,94.6,87.9,81.4,very good,53.65,88.0
226,53.2,51.6,44.8,70.9,11.6,38.8,25.6,96.6,88.5,83.4,very good,45.2,90.0
=227,53.1,36.0,36.2,95.2,29.7,30.5,20.8,100.0,84.8,81.8,very good,33.25,90.9
=227,53.1,43.3,89.6,60.3,4.6,46.8,74.8,99.2,65.2,90.9,very good,45.05,95.05000000000001
229,53.0,43.3,39.1,35.1,55.1,58.1,87.9,100.0,68.6,88.9,very good,50.7,94.45
=230,52.9,42.1,98.9,50.5,57.3,24.1,60.7,99.4,83.7,82.2,very good,33.1,90.80000000000001
=230,52.9,57.1,58.6,51.4,15.5,46.3,97.3,14.3,79.3,98.4,very good,51.7,56.35
232,52.2,37.9,60.6,96.7,5.2,46.2,27.1,39.5,75.4,86.7,very good,42.05,63.1
=233,52.1,33.4,97.4,87.8,13.2,29.0,28.0,95.6,82.2,82.1,very good,31.2,88.85
=233,52.1,81.7,4.0,37.2,22.1,50.9,32.5,15.1,79.5,84.5,very good,66.3,49.8
=233,52.1,73.5,18.8,54.4,13.5,40.2,29.6,15.5,85.0,95.5,very good,56.85,55.5
236,51.9,27.1,96.2,56.6,98.2,32.4,51.2,80.5,72.3,63.7,very good,29.75,72.1
=237,51.6,41.5,45.2,37.8,52.3,58.1,98.7,71.4,77.7,68.7,very good,49.8,70.05000000000001
=237,51.6,52.5,38.2,73.6,13.6,41.5,61.2,9.2,77.3,94.3,very good,47.0,51.75
239,51.4,32.8,100.0,71.7,18.6,33.7,49.6,99.9,80.2,85.6,very good,33.25,92.75
=240,51.3,42.9,33.5,41.9,74.6,36.4,97.1,81.9,65.5,74.2,very good,39.65,78.05000000000001
=240,51.3,57.2,56.7,44.3,15.7,32.2,77.6,100.0,83.3,70.1,very good,44.7,85.05
242,51.2,50.3,57.9,68.1,4.5,64.6,37.8,7.3,73.6,79.1,very good,57.449999999999996,43.199999999999996
243,51.1,57.3,37.9,25.8,87.0,35.6,51.2,59.2,61.0,95.2,very good,46.45,77.2
=244,50.9,14.3,100.0,100.0,100.0,6.8,6.8,100.0,38.5,75.7,very good,10.55,87.85
=244,50.9,28.3,100.0,82.3,67.3,21.7,23.0,99.4,67.5,38.2,very good,25.0,68.80000000000001
246,50.7,43.4,75.0,52.7,22.5,48.1,49.5,86.2,83.8,68.8,very good,45.75,77.5
=247,50.6,47.6,32.9,98.6,30.3,29.6,18.2,9.0,55.5,77.1,very good,38.6,43.05
=247,50.6,30.7,58.5,56.9,79.9,54.3,87.7,13.5,82.2,46.2,very good,42.5,29.85
=247,50.6,48.1,46.3,62.4,15.8,40.0,44.2,77.9,84.5,78.8,very good,44.05,78.35
250,50.4,32.3,50.9,50.6,100.0,41.8,57.5,48.4,61.8,77.9,very good,37.05,63.150000000000006
=251,50.2,29.7,29.5,95.0,44.6,41.0,5.2,87.0,50.0,72.1,very good,35.35,79.55
=251,50.2,37.5,89.0,57.2,17.8,40.5,46.0,99.2,84.6,84.5,very good,39.0,91.85
=253,50.0,40.2,100.0,21.0,69.7,85.2,5.2,73.0,57.8,53.5,very good,62.7,63.25
=253,50.0,28.2,92.8,82.2,9.8,41.9,53.5,67.8,78.6,73.8,very good,35.05,70.8
255,49.9,58.5,8.0,5.4,54.7,85.3,68.6,94.7,59.2,39.8,very good,71.9,67.25
256,49.8,33.3,9.2,99.8,42.0,47.9,35.2,12.9,48.1,73.6,very good,40.599999999999994,43.25
=257,49.7,26.3,33.5,99.9,51.6,37.6,38.7,29.9,56.2,72.5,very good,31.950000000000003,51.2
=257,49.7,78.0,61.2,4.8,6.8,62.2,84.3,39.0,61.8,70.8,very good,70.1,54.9
=259,49.5,34.3,15.5,96.4,42.7,46.7,22.5,12.3,58.8,75.3,very good,40.5,43.8
=259,49.5,81.1,2.2,6.9,6.7,90.9,57.3,8.1,69.3,62.6,very good,86.0,35.35
261,49.4,48.8,48.1,48.2,12.1,34.7,87.4,100.0,88.2,60.9,very good,41.75,80.45
=262,49.3,40.1,87.2,42.9,44.9,34.8,30.0,95.8,87.8,89.7,very good,37.45,92.75
=262,49.3,40.8,84.0,25.3,50.6,78.2,80.5,26.8,66.1,58.3,very good,59.5,42.55
=262,49.3,29.7,88.7,74.4,33.4,30.0,30.7,98.0,60.4,86.6,very good,29.85,92.3
=265,49.0,58.5,61.7,14.3,37.0,55.5,73.2,33.5,76.9,97.2,very good,57.0,65.35
=265,49.0,43.7,40.0,70.6,19.1,39.5,23.0,84.7,66.4,75.8,very good,41.6,80.25
267,48.9,45.9,17.7,45.1,30.7,33.4,90.5,87.4,80.3,95.2,very good,39.65,91.30000000000001
268,48.7,37.7,70.7,75.1,13.3,16.6,26.6,100.0,91.7,93.4,very good,27.150000000000002,96.7
=269,48.5,44.8,31.0,34.4,12.8,88.7,82.2,18.0,71.8,79.2,very good,66.75,48.6
=269,48.5,40.7,99.0,8.6,87.7,70.4,13.3,92.9,61.6,50.0,very good,55.550000000000004,71.45
271,48.3,61.0,15.7,10.0,59.5,62.8,74.4,13.5,74.0,85.9,very good,61.9,49.7
=272,48.2,31.7,100.0,43.8,24.6,65.1,60.6,100.0,54.4,50.6,very good,48.4,75.3
=272,48.2,36.4,25.6,72.9,12.2,47.9,37.7,67.5,86.7,79.8,very good,42.15,73.65
=272,48.2,45.0,47.1,43.8,23.6,50.5,64.5,39.3,88.9,92.6,very good,47.75,65.94999999999999
275,48.1,46.5,19.2,36.5,68.2,47.9,91.9,5.3,68.9,82.6,very good,47.2,43.949999999999996
=276,48.0,45.4,6.8,72.6,53.4,39.0,38.8,4.1,56.7,78.4,very good,42.2,41.25
=276,48.0,65.9,13.4,56.6,10.2,27.0,63.1,10.8,76.4,85.1,very good,46.45,47.949999999999996
278,47.9,33.8,89.5,60.7,21.4,21.0,53.6,99.0,90.0,86.3,very good,27.4,92.65
279,47.6,38.6,30.1,73.2,34.8,20.3,34.9,83.5,67.7,92.5,very good,29.450000000000003,88.0
280,47.4,35.0,45.5,57.7,42.8,18.8,60.3,96.4,80.6,95.2,very good,26.9,95.80000000000001
=281,47.3,45.4,23.0,41.7,98.1,26.4,59.7,9.9,60.2,90.4,very good,35.9,50.150000000000006
=281,47.3,28.2,79.7,82.1,16.2,18.8,58.4,99.5,84.8,49.0,very good,23.5,74.25
283,47.2,27.1,79.4,76.2,15.8,23.9,39.8,100.0,85.3,79.9,very good,25.5,89.95
284,47.1,37.3,62.7,24.0,68.6,40.2,61.2,96.7,82.5,72.9,very good,38.75,84.80000000000001
=285,47.0,38.2,51.1,21.7,74.2,60.6,96.0,22.8,69.1,67.4,very good,49.400000000000006,45.1
=285,47.0,18.5,100.0,99.9,11.7,17.9,56.8,100.0,52.2,55.1,very good,18.2,77.55
=287,46.8,52.2,10.8,2.5,69.6,88.3,24.0,77.3,56.6,52.9,very good,70.25,65.1
=287,46.8,25.7,97.0,61.8,27.3,34.8,37.0,100.0,77.2,75.7,very good,30.25,87.85
=287,46.8,49.3,15.2,47.4,42.8,40.4,54.1,25.4,66.9,93.5,very good,44.849999999999994,59.45
=287,46.8,40.5,37.9,42.5,67.2,13.7,69.5,96.9,65.1,91.0,very good,27.1,93.95
291,46.4,36.8,9.4,40.2,14.0,50.9,99.5,86.8,85.6,96.7,very good,43.849999999999994,91.75
292,46.2,34.7,80.5,43.0,28.6,54.7,13.7,76.9,84.4,79.7,very good,44.7,78.30000000000001
293,46.1,46.6,64.2,53.1,26.8,37.1,28.0,39.5,64.9,81.9,very good,41.85,60.7
=294,46.0,22.4,76.7,66.3,88.6,20.5,40.9,47.6,70.8,58.3,very good,21.45,52.95
=294,46.0,18.8,94.7,95.0,14.7,19.3,22.8,87.8,73.4,74.0,very good,19.05,80.9
=294,46.0,38.0,32.7,36.7,70.8,43.6,75.4,28.9,72.5,75.4,very good,40.8,52.150000000000006
=294,46.0,33.3,72.1,27.7,75.6,22.1,63.2,96.8,80.0,92.2,very good,27.7,94.5
299,45.6,49.0,8.5,36.0,52.1,36.8,48.9,38.6,90.3,85.6,very good,42.9,62.099999999999994
300,45.5,37.7,61.0,92.5,11.0,13.9,22.8,24.8,55.7,99.5,very good,25.8,62.15
301,45.4,45.2,75.2,8.1,50.5,65.3,26.3,73.8,77.3,67.8,very good,55.25,70.8
302,45.2,36.7,14.5,67.5,5.0,44.8,88.9,25.4,61.0,93.6,very good,40.75,59.5
=303,45.1,49.9,30.0,10.4,75.3,54.4,61.5,8.0,71.6,88.6,very good,52.15,48.3
=303,45.1,29.2,46.4,68.4,31.9,24.9,27.0,91.7,85.0,77.4,very good,27.049999999999997,84.55000000000001
305,45.0,28.5,6.8,97.8,15.9,44.2,34.9,5.5,55.8,82.9,very good,36.35,44.2
=306,44.9,26.4,29.4,77.2,27.7,25.0,25.4,89.0,79.1,91.7,very good,25.7,90.35
=306,44.9,44.7,18.4,31.2,34.4,50.3,77.0,51.7,66.0,86.5,very good,47.5,69.1
=308,44.7,34.9,86.1,59.6,7.6,20.7,34.0,99.1,85.2,78.4,very good,27.799999999999997,88.75
=308,44.7,25.5,60.1,45.2,46.5,25.9,69.6,98.5,74.8,99.1,very good,25.7,98.8
=310,44.5,26.9,97.9,57.8,9.2,32.3,65.8,92.4,62.3,77.2,very good,29.599999999999998,84.80000000000001
=310,44.5,25.4,46.3,55.2,50.2,32.2,50.8,85.8,68.2,81.5,very good,28.8,83.65
=310,44.5,21.8,15.5,99.5,92.5,16.3,3.9,37.4,57.5,26.7,very good,19.05,32.05
=310,44.5,33.4,60.9,64.2,11.0,46.1,35.8,44.8,74.2,69.7,very good,39.75,57.25
=314,44.3,24.5,25.1,48.4,57.9,40.3,59.6,87.8,64.6,85.2,very good,32.4,86.5
=314,44.3,22.5,91.7,72.8,34.3,12.2,25.0,87.1,84.0,80.4,very good,17.35,83.75
316,44.0,52.1,30.0,31.7,27.0,38.6,28.7,54.9,82.9,87.7,very good,45.35,71.3
=317,43.9,40.1,25.8,2.0,94.7,85.8,7.5,84.6,46.6,31.4,very good,62.95,58.0
=317,43.9,73.0,2.3,13.8,18.2,36.2,89.9,10.3,70.9,81.0,very good,54.6,45.65
319,43.8,30.9,5.2,100.0,11.6,33.4,33.5,7.1,55.7,80.3,very good,32.15,43.699999999999996
320,43.5,41.1,85.8,2.0,99.9,63.8,10.1,81.0,47.6,14.2,very good,52.45,47.6
321,43.4,55.3,47.9,51.8,10.4,19.2,31.8,30.9,60.0,94.1,very good,37.25,62.5
322,43.3,31.0,3.3,91.1,4.2,41.8,58.1,2.5,45.5,86.8,very good,36.4,44.65
323,43.1,36.0,22.2,52.6,21.0,77.5,10.8,30.1,62.4,50.4,very good,56.75,40.25
=324,43.0,30.8,9.2,99.9,14.0,34.5,21.0,9.7,45.3,72.9,very good,32.65,41.300000000000004
=324,43.0,47.9,64.5,7.3,28.9,59.8,90.1,33.8,64.1,69.2,very good,53.849999999999994,51.5
326,42.9,29.6,90.6,44.2,40.1,17.7,31.0,90.6,81.2,91.1,very good,23.65,90.85
327,42.8,40.1,77.7,37.6,18.1,42.6,59.4,27.2,66.9,84.1,very good,41.35,55.65
=328,42.6,47.7,38.8,16.5,53.4,45.8,44.6,24.1,87.5,75.3,very good,46.75,49.7
=328,42.6,46.9,2.8,47.1,6.9,41.9,98.9,1.8,71.2,83.0,very good,44.4,42.4
=328,42.6,28.5,100.0,52.2,9.3,34.9,19.3,100.0,58.8,84.8,very good,31.7,92.4
=331,42.5,34.6,68.5,25.9,86.2,43.0,21.6,19.8,74.9,66.8,very good,38.8,43.3
=331,42.5,40.6,53.7,1.7,94.2,58.8,33.0,89.2,48.7,25.7,very good,49.7,57.45
333,42.4,33.4,78.9,37.8,5.0,31.7,82.2,87.3,84.5,73.5,very good,32.55,80.4
=334,42.3,25.4,1.6,96.9,10.2,62.0,8.7,8.1,43.0,53.1,very good,43.7,30.6
=334,42.3,28.9,6.0,39.5,62.3,25.9,70.0,100.0,69.6,80.9,very good,27.4,90.45
=334,42.3,23.8,48.3,52.5,65.6,21.2,69.3,42.9,86.3,67.0,very good,22.5,54.95
=334,42.3,43.0,45.2,19.6,24.8,67.8,69.4,4.3,70.7,81.9,very good,55.4,43.1
=334,42.3,48.8,28.4,39.2,33.1,40.3,36.4,11.0,66.9,82.3,very good,44.55,46.65
=339,42.2,26.8,3.6,96.6,9.5,52.2,19.5,2.0,57.5,54.5,very good,39.5,28.25
=339,42.2,22.8,5.7,97.1,21.8,39.0,26.8,11.2,57.5,72.8,very good,30.9,42.0
341,42.1,34.3,9.3,83.9,25.0,24.2,54.4,10.8,54.1,64.7,very good,29.25,37.75
342,42.0,23.0,19.7,74.5,29.5,21.8,30.6,80.9,75.2,87.9,very good,22.4,84.4
=343,41.8,14.9,2.8,100.0,87.5,9.4,1.3,42.7,65.5,47.2,very good,12.15,44.95
=343,41.8,51.6,10.5,59.6,12.8,26.3,25.1,5.0,72.8,84.6,very good,38.95,44.8
=345,41.7,36.7,35.3,46.8,50.6,48.6,25.4,31.3,56.8,45.6,very good,42.650000000000006,38.45
=345,41.7,63.1,1.9,2.3,50.0,66.7,50.6,4.2,59.7,44.4,very good,64.9,24.3
=347,41.6,60.8,14.4,6.0,13.8,52.7,98.0,4.2,66.6,88.9,very good,56.75,46.550000000000004
=347,41.6,20.5,77.4,67.1,16.8,37.1,23.1,99.0,50.6,61.1,very good,28.8,80.05
=347,41.6,39.2,33.3,61.4,14.9,24.9,47.6,13.1,75.8,92.2,very good,32.05,52.65
=350,41.5,32.2,10.6,33.3,67.3,35.6,65.9,91.1,53.2,57.5,very good,33.900000000000006,74.3
=350,41.5,49.9,31.1,30.0,58.9,32.9,18.1,18.1,73.4,68.4,very good,41.4,43.25
=350,41.5,27.7,100.0,17.7,76.9,12.3,69.9,100.0,74.7,73.9,very good,20.0,86.95
=350,41.5,42.3,8.4,15.5,79.6,41.5,45.3,35.6,74.6,82.5,very good,41.9,59.05
354,41.3,24.0,3.1,97.5,5.3,47.6,27.8,9.8,46.9,67.5,very good,35.8,38.65
=355,41.2,27.1,5.0,93.9,28.8,24.4,47.3,17.8,44.9,56.1,very good,25.75,36.95
=355,41.2,40.7,58.8,65.5,14.9,25.2,8.5,19.7,70.3,71.7,very good,32.95,45.7
=358,41.1,31.7,39.2,43.4,30.3,45.8,85.8,13.0,60.0,78.7,very good,38.75,45.85
=358,41.1,59.4,9.1,9.0,82.4,38.8,17.4,8.5,61.2,67.9,very good,49.099999999999994,38.2
=358,41.1,25.6,46.0,78.7,6.2,17.3,21.2,97.2,79.9,61.3,very good,21.450000000000003,79.25
=358,41.1,34.5,27.9,38.7,26.3,39.4,41.1,81.6,68.2,86.1,very good,36.95,83.85
=362,40.9,32.3,17.4,31.2,6.2,55.1,84.8,57.2,80.1,97.6,very good,43.7,77.4
=362,40.9,28.6,20.8,19.1,94.6,23.7,89.2,62.1,64.2,89.0,very good,26.15,75.55
=362,40.9,50.6,1.2,3.2,42.7,71.1,80.8,2.4,68.9,66.4,very good,60.849999999999994,34.400000000000006
366,40.6,36.3,8.9,39.6,63.2,20.2,46.1,46.2,74.4,89.2,very good,28.25,67.7
=367,40.5,28.4,95.3,3.9,94.0,61.2,14.3,10.9,58.9,88.3,very good,44.8,49.6
=367,40.5,24.6,98.2,4.7,81.1,51.5,98.0,61.8,54.5,29.6,very good,38.05,45.7
=367,40.5,29.9,43.5,22.5,94.2,20.5,58.2,100.0,52.4,53.0,very good,25.2,76.5
370,40.4,17.0,7.3,100.0,82.3,28.1,2.5,5.1,42.8,15.8,very good,22.55,10.45
=371,40.3,36.2,7.5,23.7,5.1,85.8,88.7,28.2,68.5,49.0,very good,61.0,38.6
=371,40.3,29.3,5.0,32.3,66.7,76.3,3.4,5.7,63.3,76.6,very good,52.8,41.15
=371,40.3,60.5,3.7,2.7,37.8,61.8,83.1,3.8,58.6,38.7,very good,61.15,21.25
374,40.0,38.7,89.8,12.4,14.8,62.3,26.0,80.8,59.8,61.8,very good,50.5,71.3
=375,39.9,42.2,52.2,7.9,65.8,43.6,80.1,6.7,44.6,83.7,very good,42.900000000000006,45.2
=375,39.9,17.8,1.6,99.2,8.2,48.2,38.7,2.6,38.7,68.4,very good,33.0,35.5
377,39.8,18.8,10.5,99.3,29.4,20.8,40.4,15.9,50.1,64.8,very good,19.8,40.35
378,39.6,16.0,65.4,71.9,21.1,10.2,44.3,82.4,83.6,77.3,very good,13.1,79.85
=379,39.5,47.8,1.2,59.5,6.8,32.8,12.5,2.9,57.5,94.9,very good,40.3,48.900000000000006
=379,39.5,24.4,65.6,63.2,10.8,16.9,32.9,62.1,79.7,95.2,very good,20.65,78.65
=381,39.4,40.8,7.1,12.2,39.0,46.9,88.6,98.0,51.6,46.8,very good,43.849999999999994,72.4
=381,39.4,24.7,49.3,55.5,24.0,15.0,31.8,81.9,91.1,86.8,very good,19.85,84.35
=381,39.4,13.2,100.0,39.5,87.2,8.2,58.8,100.0,42.4,68.1,very good,10.7,84.05
384,39.3,28.0,95.8,33.7,23.3,31.3,54.3,63.3,80.2,66.3,very good,29.65,64.8
=385,39.1,17.6,100.0,51.8,12.2,25.2,28.8,99.5,80.4,76.7,very good,21.4,88.1
=385,39.1,21.3,18.5,99.9,56.7,12.4,2.2,15.7,55.3,28.9,very good,16.85,22.299999999999997
387,39.0,19.6,97.3,64.3,11.3,9.7,15.5,97.9,81.6,77.3,very good,14.65,87.6
=388,38.5,18.3,8.3,91.6,57.8,23.5,20.9,9.5,36.7,50.1,very good,20.9,29.8
=388,38.5,15.5,98.7,79.6,19.1,5.9,17.7,98.9,45.6,60.1,very good,10.7,79.5
390,38.4,34.9,27.2,45.1,3.0,38.9,88.9,12.7,64.3,79.7,very good,36.9,46.2
391,38.3,24.6,99.9,35.9,23.9,49.8,10.1,100.0,49.6,34.5,very good,37.2,67.25
=392,38.2,16.3,50.7,92.2,16.3,19.4,1.8,32.4,61.3,77.8,very good,17.85,55.099999999999994
=392,38.2,21.1,6.1,93.6,24.5,20.8,9.6,31.6,45.0,76.9,very good,20.950000000000003,54.25
=392,38.2,40.8,31.0,27.0,42.5,32.8,35.7,16.7,77.0,84.0,very good,36.8,50.35
=395,38.1,18.1,63.4,56.7,12.0,27.1,28.3,97.9,67.6,81.8,very good,22.6,89.85
=395,38.1,29.1,55.6,65.8,3.9,11.8,21.4,59.3,72.5,90.0,very good,20.450000000000003,74.65
=397,37.7,8.7,58.1,95.9,11.9,15.7,10.4,70.1,72.2,54.4,very good,12.2,62.25
=397,37.7,20.2,49.2,58.3,16.2,13.8,44.0,96.4,65.5,88.0,very good,17.0,92.2
399,37.6,35.1,6.0,3.0,82.9,56.0,45.3,73.7,63.2,26.2,very good,45.55,49.95
400,37.5,26.3,67.7,44.5,7.4,22.5,11.8,100.0,82.6,87.3,very good,24.4,93.65
=401,37.4,27.2,37.5,25.0,80.7,20.2,11.9,77.2,77.1,76.9,very good,23.7,77.05000000000001
=401,37.4,59.3,31.7,26.3,11.2,24.3,13.1,9.9,58.4,96.4,very good,41.8,53.150000000000006
=401,37.4,27.9,48.4,34.5,23.6,36.6,14.7,93.2,75.9,71.6,very good,32.25,82.4
=404,37.2,26.5,28.0,39.2,40.0,62.6,12.8,51.2,50.1,35.5,very good,44.55,43.35
=404,37.2,45.1,20.8,49.7,7.0,16.9,36.9,11.2,72.9,86.1,very good,31.0,48.65
406,37.1,9.4,77.5,69.0,42.7,38.0,17.8,34.4,39.1,58.7,very good,23.7,46.55
407,37.0,13.3,99.6,62.6,32.4,10.7,45.1,100.0,62.0,25.4,very good,12.0,62.7
408,36.9,48.1,10.1,42.5,5.1,14.3,61.4,5.2,78.7,90.0,very good,31.200000000000003,47.6
409,36.8,33.1,13.9,40.3,28.7,43.1,42.7,17.1,62.0,72.4,very good,38.1,44.75
=410,36.7,29.6,100.0,33.2,13.7,22.5,23.4,100.0,74.0,50.4,very good,26.05,75.2
=410,36.7,29.2,43.2,22.0,27.8,37.5,40.2,80.8,79.7,78.0,very good,33.35,79.4
=410,36.7,20.9,66.9,25.2,56.9,53.3,5.1,57.1,61.2,61.4,very good,37.099999999999994,59.25
=410,36.7,26.3,52.5,53.0,10.7,19.1,43.7,51.5,82.7,74.1,very good,22.700000000000003,62.8
=410,36.7,11.0,48.7,90.1,7.9,8.2,11.0,78.5,65.5,82.2,very good,9.6,80.35
415,36.6,33.8,7.6,27.7,14.5,73.3,27.0,61.6,51.7,40.5,very good,53.55,51.05
=416,36.5,26.8,56.0,6.2,89.4,51.3,23.1,28.7,53.6,69.4,very good,39.05,49.050000000000004
=416,36.5,21.4,19.7,87.0,8.9,9.9,17.0,60.1,50.2,78.3,very good,15.649999999999999,69.2
=416,36.5,20.3,41.2,42.4,4.6,76.3,45.0,55.7,51.3,25.7,very good,48.3,40.7
419,36.4,18.6,24.8,94.7,13.1,15.5,3.3,5.2,64.7,85.5,very good,17.05,45.35
=420,36.3,18.2,31.7,58.8,28.6,57.6,29.2,25.6,58.9,25.6,very good,37.9,25.6
=420,36.3,50.1,45.4,31.5,7.3,16.3,29.8,41.7,47.3,90.7,very good,33.2,66.2
422,36.2,38.0,41.5,31.2,35.3,27.6,22.4,7.7,79.5,85.8,very good,32.8,46.75
=423,36.1,13.0,82.5,73.9,7.4,8.7,24.9,89.6,53.4,75.1,very good,10.85,82.35
=423,36.1,29.2,13.9,47.7,24.8,24.7,42.1,61.6,49.2,84.0,very good,26.95,72.8
=423,36.1,29.4,24.6,72.3,13.5,12.9,20.4,8.4,74.9,80.4,very good,21.15,44.400000000000006
=423,36.1,28.7,9.2,42.7,23.1,39.9,15.5,50.7,78.5,77.9,very good,34.3,64.30000000000001
427,36.0,21.9,71.3,18.8,99.2,22.1,15.2,86.6,42.6,52.3,very good,22.0,69.44999999999999
=428,35.9,51.0,29.0,29.7,11.0,15.9,29.0,22.8,63.2,99.0,very good,33.45,60.9
=428,35.9,25.5,84.4,20.6,44.8,21.3,13.9,92.0,78.6,78.7,very good,23.4,85.35
=430,35.7,32.3,76.8,18.8,13.1,37.3,58.8,34.5,77.0,79.8,very good,34.8,57.15
=430,35.7,49.7,39.4,31.0,17.3,17.2,16.5,2.7,74.1,91.4,very good,33.45,47.050000000000004
=430,35.7,26.7,42.8,72.3,11.7,4.9,18.8,29.0,55.3,99.4,very good,15.8,64.2
=433,35.6,19.9,15.7,82.1,20.2,16.4,14.5,46.7,47.7,69.2,very good,18.15,57.95
=433,35.6,29.6,33.3,33.7,19.9,37.2,20.3,54.7,78.7,80.5,very good,33.400000000000006,67.6
435,35.4,47.8,39.6,9.6,68.3,28.2,29.0,19.7,68.2,24.1,very good,38.0,21.9
=436,35.2,22.5,29.6,54.7,33.1,33.6,3.3,100.0,37.4,32.3,very good,28.05,66.15
=436,35.2,17.5,68.0,15.5,10.3,72.5,81.2,80.4,56.7,31.3,very good,45.0,55.85
438,35.1,12.7,100.0,3.8,47.6,70.4,70.4,94.0,53.0,6.4,very good,41.550000000000004,50.2
439,35.0,36.8,16.5,38.0,35.6,32.1,14.7,35.5,67.0,46.4,good,34.45,40.95
=440,34.9,27.8,100.0,10.2,15.7,51.3,12.8,100.0,46.2,65.2,good,39.55,82.6
=440,34.9,28.1,24.0,2.7,92.0,52.9,19.4,10.2,57.6,84.7,good,40.5,47.45
=440,34.9,21.0,37.6,60.3,27.5,11.0,11.2,46.9,81.9,83.8,good,16.0,65.35
=440,34.9,7.4,100.0,79.5,4.8,10.9,36.8,100.0,52.0,23.9,good,9.15,61.95
=440,34.9,21.4,30.4,64.2,10.0,21.1,7.0,80.9,55.6,75.4,good,21.25,78.15
=440,34.9,25.5,26.8,33.4,50.3,18.7,23.0,91.5,69.9,63.7,good,22.1,77.6
446,34.8,26.9,28.5,6.2,73.1,28.0,91.3,28.4,70.3,80.2,good,27.45,54.3
448,34.5,14.1,39.7,39.2,64.6,22.3,16.2,63.6,69.9,82.3,good,18.2,72.95
449,34.4,26.4,17.8,61.0,10.8,21.6,50.6,6.7,65.0,78.9,good,24.0,42.800000000000004
=450,34.3,27.2,97.7,3.8,98.1,19.5,19.6,14.0,55.3,86.7,good,23.35,50.35
=450,34.3,53.3,5.3,22.2,20.1,36.8,1.6,7.4,58.5,73.6,good,45.05,40.5
=452,34.2,32.5,26.4,18.1,70.5,19.8,18.1,51.3,52.2,87.5,good,26.15,69.4
=452,34.2,11.9,2.7,90.9,40.1,8.7,26.0,15.9,48.2,69.0,good,10.3,42.45
=452,34.2,24.2,53.4,32.4,43.6,17.8,31.9,47.4,82.5,73.7,good,21.0,60.55
=452,34.2,14.6,42.2,62.3,10.3,10.8,54.6,94.3,52.9,69.8,good,12.7,82.05
=456,34.1,8.5,5.7,100.0,7.4,26.7,5.4,41.7,35.5,67.2,good,17.6,54.45
=456,34.1,23.7,99.2,35.1,17.1,9.9,24.7,99.9,54.5,77.0,good,16.8,88.45
=458,34.0,25.2,9.0,22.8,73.1,30.1,32.3,22.7,75.0,82.5,good,27.65,52.6
=458,34.0,55.7,41.6,2.9,40.8,30.8,37.7,7.2,39.4,54.1,good,43.25,30.650000000000002
=458,34.0,24.7,10.0,62.4,10.0,13.6,14.3,71.4,84.3,62.2,good,19.15,66.80000000000001
=461,33.9,32.0,87.9,12.3,23.1,47.8,5.8,66.7,52.1,54.6,good,39.9,60.650000000000006
=461,33.9,28.8,70.6,13.0,93.6,31.1,13.3,9.1,43.8,55.7,good,29.950000000000003,32.4
=461,33.9,22.8,88.9,41.0,15.1,11.8,12.3,96.3,61.7,73.0,good,17.3,84.65
=461,33.9,4.8,11.3,99.5,89.3,3.1,4.1,6.2,26.1,35.5,good,3.95,20.85
=465,33.8,21.7,94.4,32.0,5.2,18.0,58.4,64.0,81.8,75.6,good,19.85,69.8
=465,33.8,29.8,10.2,48.5,51.1,21.4,12.5,29.6,42.9,62.5,good,25.6,46.05
=465,33.8,17.6,12.6,13.6,91.9,22.8,42.8,79.0,62.2,87.5,good,20.200000000000003,83.25
=469,33.7,19.5,23.8,58.7,15.0,26.9,24.5,71.2,48.8,63.4,good,23.2,67.3
=469,33.7,35.6,16.7,4.2,87.1,46.0,24.8,44.3,46.9,18.6,good,40.8,31.45
=469,33.7,52.7,25.8,15.1,23.4,20.6,22.1,5.1,66.1,90.8,good,36.650000000000006,47.949999999999996
=469,33.7,25.3,54.9,29.8,33.3,11.3,49.9,57.4,81.6,78.8,good,18.3,68.1
=473,33.5,16.2,2.2,53.9,35.8,47.3,33.0,15.6,48.5,65.3,good,31.75,40.449999999999996
=473,33.5,17.5,57.5,25.2,80.0,14.9,15.3,89.9,61.0,56.6,good,16.2,73.25
=473,33.5,28.6,27.1,36.7,57.6,20.2,18.9,19.9,73.6,57.5,good,24.4,38.7
=473,33.5,9.3,100.0,43.4,70.3,9.4,2.2,100.0,48.2,42.7,good,9.350000000000001,71.35
=477,33.4,20.3,54.8,18.1,95.3,34.1,38.0,38.6,21.9,47.1,good,27.200000000000003,42.85
=477,33.4,22.3,34.9,53.7,28.4,5.0,4.2,60.9,75.3,92.6,good,13.65,76.75
479,33.3,24.9,62.4,16.7,79.2,37.6,17.3,19.7,68.9,31.3,good,31.25,25.5
=480,33.2,34.6,22.7,17.2,79.8,17.1,12.4,19.2,73.2,70.3,good,25.85,44.75
=480,33.2,16.4,5.1,99.2,13.9,14.6,8.5,4.2,41.6,59.1,good,15.5,31.650000000000002
=482,33.0,11.4,5.3,95.7,23.4,11.0,21.8,15.4,46.8,59.8,good,11.2,37.6
=482,33.0,13.7,2.1,76.0,6.3,27.7,6.4,43.4,58.7,87.7,good,20.7,65.55
=482,33.0,36.9,10.7,19.4,45.0,39.0,27.0,11.2,73.3,53.3,good,37.95,32.25
=485,32.9,38.2,8.1,28.4,6.4,35.9,48.3,2.1,66.4,90.9,good,37.05,46.5
=485,32.9,34.8,11.3,40.0,32.9,18.6,7.1,32.3,51.8,85.6,good,26.7,58.949999999999996
=487,32.8,13.7,82.4,60.4,6.0,13.1,7.4,96.4,51.0,63.8,good,13.399999999999999,80.1
=487,32.8,7.4,100.0,90.9,10.1,6.4,1.4,59.7,32.9,35.1,good,6.9,47.400000000000006
=487,32.8,28.4,17.6,9.5,55.7,72.4,15.9,3.4,38.4,63.8,good,50.400000000000006,33.6
490,32.7,50.4,3.8,7.8,11.4,59.9,17.5,10.6,53.7,53.9,good,55.15,32.25
=491,32.6,12.1,7.0,100.0,7.3,10.2,23.2,9.0,42.7,73.8,good,11.149999999999999,41.4
=491,32.6,16.9,34.8,5.6,94.9,31.4,2.9,99.2,55.3,73.9,good,24.15,86.55000000000001
=491,32.6,31.2,86.9,12.7,48.0,39.2,16.4,25.6,49.5,42.4,good,35.2,34.0
=494,32.5,43.2,35.2,28.1,13.5,10.0,25.3,31.7,56.5,93.5,good,26.6,62.6
=494,32.5,18.2,83.1,50.8,3.4,11.9,10.9,82.8,73.2,66.7,good,15.05,74.75
=496,32.4,11.8,8.6,99.9,4.3,24.3,9.4,7.0,27.3,64.4,good,18.05,35.7
=496,32.4,15.4,28.9,85.6,2.7,9.6,17.0,19.3,53.4,80.7,good,12.5,50.0
498,32.3,23.4,6.3,20.8,87.8,13.7,13.9,51.1,70.6,84.3,good,18.549999999999997,67.7
=499,32.2,13.6,99.9,39.7,42.2,8.5,5.0,97.6,64.2,47.5,good,11.05,72.55
=499,32.2,9.5,10.1,82.6,52.3,9.9,11.5,25.5,39.0,57.6,good,9.7,41.55
=499,32.2,25.3,94.7,7.0,99.3,20.0,7.1,28.0,30.6,66.4,good,22.65,47.2
=499,32.2,46.4,3.4,2.5,44.4,31.6,86.1,3.0,53.7,46.1,good,39.0,24.55
503,32.1,16.2,2.2,82.6,12.1,22.5,1.8,29.0,57.3,54.1,good,19.35,41.55
=504,32.0,12.3,2.3,98.7,19.2,10.3,9.6,4.8,44.4,62.1,good,11.3,33.45
=504,32.0,11.9,3.9,93.8,18.2,9.8,19.1,28.1,40.0,58.1,good,10.850000000000001,43.1
=504,32.0,33.5,37.5,13.6,75.1,26.6,28.4,9.6,67.1,32.9,good,30.05,21.25
=504,32.0,10.9,2.8,94.7,20.8,11.8,32.5,5.9,40.6,57.7,good,11.350000000000001,31.8
=504,32.0,19.9,24.0,55.2,7.9,19.2,18.2,49.6,80.7,74.8,good,19.549999999999997,62.2
509,31.9,8.8,12.7,99.9,27.4,6.3,2.0,5.8,36.1,75.9,good,7.550000000000001,40.85
=509,31.9,14.3,99.7,3.0,95.1,37.8,5.2,100.0,33.2,19.2,good,26.049999999999997,59.6
=509,31.9,27.4,11.9,2.7,62.1,60.2,17.0,69.6,52.5,27.6,good,43.8,48.599999999999994
=511,31.6,32.2,4.3,3.0,33.1,70.0,80.4,3.6,60.5,24.3,good,51.1,13.950000000000001
=511,31.6,24.7,99.2,23.7,18.4,19.0,35.2,100.0,65.0,17.8,good,21.85,58.9
=511,31.6,19.4,83.2,30.9,14.2,27.4,38.1,100.0,58.9,23.0,good,23.4,61.5
=511,31.6,14.0,99.2,40.3,9.3,11.2,41.5,75.0,70.4,70.5,good,12.6,72.75
=515,31.5,32.9,47.2,3.4,16.0,55.3,38.9,52.2,45.2,59.9,good,44.099999999999994,56.05
=515,31.5,29.9,4.4,2.2,55.9,51.7,45.4,54.3,59.7,31.8,good,40.8,43.05
=517,31.4,30.2,14.8,1.2,100.0,39.9,89.8,3.0,26.7,10.5,good,35.05,6.75
=517,31.4,16.8,81.3,38.3,14.6,13.1,22.4,79.5,81.2,62.7,good,14.95,71.1
=519,31.3,18.0,44.6,29.6,78.5,20.3,15.5,18.7,68.3,55.8,good,19.15,37.25
=519,31.3,29.8,16.7,2.5,89.6,48.9,69.9,2.9,29.2,13.4,good,39.35,8.15
=519,31.3,5.8,4.4,99.9,11.3,16.3,11.5,4.2,37.6,83.2,good,11.05,43.7
=519,31.3,25.8,49.3,3.5,98.2,24.7,5.6,8.7,54.4,91.0,good,25.25,49.85
524,31.2,17.9,91.6,36.3,9.1,19.0,2.2,79.7,69.1,74.6,good,18.45,77.15
525,31.1,27.9,8.8,33.0,14.0,36.7,35.8,11.1,65.9,85.0,good,32.3,48.05
=526,30.9,29.9,28.5,26.8,28.0,30.2,64.8,9.8,56.0,47.7,good,30.049999999999997,28.75
=526,30.9,48.8,8.7,8.8,22.0,30.4,28.7,5.5,67.6,65.8,good,39.599999999999994,35.65
=526,30.9,13.2,95.6,36.9,15.9,14.3,29.5,68.3,75.4,70.3,good,13.75,69.3
=526,30.9,36.9,25.9,11.8,36.8,23.5,33.4,10.2,70.8,86.3,good,30.2,48.25
=530,30.8,9.4,68.6,39.7,71.7,7.8,9.4,99.8,35.3,43.4,good,8.6,71.6
=530,30.8,28.0,17.5,52.6,19.8,10.6,16.6,9.2,62.3,83.1,good,19.3,46.15
=530,30.8,25.5,8.5,27.4,50.1,16.2,47.1,40.4,61.0,68.7,good,20.85,54.55
=530,30.8,25.7,41.9,39.5,15.2,14.2,7.6,61.4,54.9,86.9,good,19.95,74.15
534,30.7,20.8,34.9,33.5,28.1,14.6,40.1,54.6,63.4,85.1,good,17.7,69.85
=535,30.6,25.8,35.9,7.0,64.6,17.6,2.7,100.0,45.7,84.4,good,21.700000000000003,92.2
=535,30.6,20.2,26.6,10.7,31.3,44.6,29.2,80.6,58.3,78.3,good,32.4,79.44999999999999
=535,30.6,10.6,23.2,61.9,19.4,12.0,15.9,100.0,45.7,62.7,good,11.3,81.35
=535,30.6,29.7,18.1,11.0,45.6,18.9,98.1,7.1,54.2,85.7,good,24.299999999999997,46.4
=540,30.5,8.6,89.1,75.3,12.3,8.7,10.5,41.6,40.5,47.2,good,8.649999999999999,44.400000000000006
=540,30.5,21.8,18.2,38.3,53.8,13.1,28.3,21.2,59.6,74.5,good,17.45,47.85
=542,30.3,35.6,13.7,3.5,17.1,38.8,69.6,29.5,56.7,80.8,good,37.2,55.15
=542,30.3,44.5,3.4,5.6,26.3,48.8,4.9,2.5,55.4,74.3,good,46.65,38.4
=542,30.3,28.6,8.3,56.0,5.2,19.2,15.0,7.3,53.6,80.8,good,23.9,44.05
=542,30.3,22.5,1.7,24.4,5.7,57.6,89.4,4.0,44.3,71.8,good,40.05,37.9
=546,30.2,10.9,30.8,43.8,83.9,10.2,3.4,47.5,38.7,67.2,good,10.55,57.35
=546,30.2,21.3,11.1,51.8,32.4,10.5,13.3,25.2,60.9,84.5,good,15.9,54.85
=546,30.2,5.1,94.6,58.2,2.7,7.1,34.4,89.4,68.7,49.5,good,6.1,69.45
549,30.1,32.7,9.0,34.1,11.4,24.0,34.8,16.4,62.5,74.5,good,28.35,45.45
550,30.0,16.6,63.6,30.6,18.2,19.1,20.0,64.5,77.8,81.5,good,17.85,73.0
=551,29.9,36.7,2.2,3.9,27.2,38.3,90.6,15.9,60.7,45.7,good,37.5,30.8
=551,29.9,9.5,70.5,34.1,76.6,19.9,5.3,34.7,48.7,55.7,good,14.7,45.2
=553,29.8,19.7,33.5,4.0,42.2,78.1,57.5,31.3,32.2,11.7,good,48.9,21.5
=553,29.8,12.5,22.5,64.1,9.6,9.4,28.7,48.2,72.9,68.5,good,10.95,58.35
555,29.7,21.4,3.1,16.5,28.8,77.3,48.4,10.8,45.0,26.2,good,49.349999999999994,18.5
=556,29.6,8.0,1.3,96.9,28.8,16.9,5.3,1.8,34.7,28.2,good,12.45,15.0
=556,29.6,18.7,43.9,30.2,8.1,24.9,67.3,48.0,57.1,74.1,good,21.799999999999997,61.05
=558,29.5,25.6,100.0,17.0,20.8,20.8,7.3,100.0,42.9,37.1,good,23.200000000000003,68.55
558,29.5,16.0,99.5,14.8,21.8,18.5,18.4,85.1,71.2,84.3,good,17.25,84.69999999999999
=558,29.5,27.3,35.3,8.9,61.3,51.9,23.4,9.5,49.8,16.2,good,39.6,12.85
=558,29.5,17.9,2.1,44.5,6.9,14.4,79.4,29.1,63.0,95.9,good,16.15,62.5
=563,29.4,19.8,58.0,34.3,70.2,22.1,5.3,13.3,53.3,18.1,good,20.950000000000003,15.700000000000001
=563,29.4,25.9,36.9,8.9,28.9,34.7,6.1,100.0,47.2,67.2,good,30.3,83.6
=563,29.4,27.3,76.5,7.4,45.9,21.5,25.9,14.4,70.4,74.9,good,24.4,44.650000000000006
=566,29.3,12.8,77.4,44.4,18.9,10.5,16.9,38.1,78.0,74.7,good,11.65,56.400000000000006
=566,29.3,9.3,1.2,98.0,5.2,19.4,10.3,2.5,48.3,30.5,good,14.35,16.5
=566,29.3,29.7,9.1,16.6,21.3,50.0,83.6,8.9,44.5,26.0,good,39.85,17.45
=566,29.3,22.2,26.0,38.6,28.3,17.1,15.7,21.3,67.7,83.6,good,19.65,52.449999999999996
=571,29.2,11.3,11.2,69.9,18.8,22.5,29.4,28.7,54.7,30.9,good,16.9,29.799999999999997
=571,29.2,33.0,6.1,11.8,18.5,50.5,30.8,3.9,58.3,73.5,good,41.75,38.7
=571,29.2,7.8,3.9,97.7,6.4,22.6,9.6,2.2,28.0,45.7,good,15.200000000000001,23.950000000000003
=571,29.2,42.5,2.6,14.6,17.2,23.5,73.4,16.1,51.3,46.1,good,33.0,31.1
=575,29.1,17.7,77.3,13.7,37.0,36.4,15.7,26.7,61.3,80.7,good,27.049999999999997,53.7
=575,29.1,22.4,25.1,2.8,34.2,70.0,1.7,44.5,44.0,66.3,good,46.2,55.4
=578,29.0,28.7,8.0,9.1,7.6,63.3,60.7,46.4,40.0,34.4,good,46.0,40.4
=578,29.0,20.2,7.7,22.7,86.5,13.1,16.6,100.0,34.7,20.7,good,16.65,60.35
=578,29.0,9.7,25.4,91.7,2.9,11.2,5.1,1.7,29.6,76.9,good,10.45,39.300000000000004
581,28.9,12.3,11.2,4.1,48.4,76.7,87.1,25.4,49.2,10.4,good,44.5,17.9
=582,28.8,22.7,22.6,17.5,18.3,38.3,28.0,27.7,79.0,84.7,good,30.5,56.2
=582,28.8,9.6,18.1,18.0,99.6,2.0,89.3,32.4,49.4,75.5,good,5.8,53.95
=584,28.7,7.8,88.9,65.1,6.4,7.3,4.8,41.8,70.7,49.7,good,7.55,45.75
=584,28.7,31.6,26.1,9.3,16.6,29.7,69.2,5.7,68.1,79.8,good,30.65,42.75
=584,28.7,30.5,1.4,6.9,10.5,51.3,97.0,2.2,54.2,57.8,good,40.9,30.0
=587,28.6,19.8,27.0,7.6,45.1,50.2,51.6,16.7,74.6,34.6,good,35.0,25.65
=587,28.6,28.9,18.4,25.6,26.4,38.7,18.7,18.5,60.6,33.9,good,33.8,26.2
=587,28.6,26.1,20.5,53.0,9.6,5.9,16.0,10.1,51.0,91.7,good,16.0,50.9
=587,28.6,24.6,33.2,36.4,45.5,4.4,9.3,6.9,50.4,98.1,good,14.5,52.5
=591,28.5,8.4,100.0,48.6,37.6,9.5,4.4,100.0,25.3,15.3,good,8.95,57.65
=591,28.5,5.9,90.4,53.8,52.1,8.3,11.6,63.5,23.5,24.6,good,7.1000000000000005,44.05
=591,28.5,16.9,99.7,47.5,15.8,23.3,22.5,18.7,32.5,27.3,good,20.1,23.0
=591,28.5,10.3,93.3,11.2,99.3,20.9,17.6,60.6,23.0,30.2,good,15.6,45.4
=595,28.4,45.4,2.5,11.8,21.1,16.9,50.9,9.0,48.2,67.6,good,31.15,38.3
=595,28.4,19.8,2.8,21.8,34.7,31.7,29.3,100.0,41.1,48.5,good,25.75,74.25
=597,28.3,17.3,100.0,2.9,74.2,23.7,5.3,95.6,39.0,14.1,good,20.5,54.849999999999994
=597,28.3,8.8,41.1,22.8,85.7,5.2,6.6,78.5,62.7,69.8,good,7.0,74.15
=597,28.3,25.1,100.0,3.2,55.3,20.9,5.3,99.6,36.8,10.8,good,23.0,55.199999999999996
=597,28.3,16.9,22.0,32.3,94.2,14.7,11.9,20.0,48.1,24.7,good,15.799999999999999,22.35
=597,28.3,14.5,18.5,17.5,87.2,13.8,46.2,20.3,51.8,79.2,good,14.15,49.75
=597,28.3,26.2,56.4,8.9,41.9,22.7,29.0,15.4,69.4,75.3,good,24.45,45.35
=597,28.3,19.3,61.1,43.0,5.5,33.7,9.1,14.4,48.9,55.3,good,26.5,34.85
=604,28.2,22.7,100.0,7.0,40.3,29.7,18.1,100.0,17.6,18.8,good,26.2,59.4
=604,28.2,28.3,36.2,3.4,21.2,46.9,93.3,38.0,41.4,12.8,good,37.6,25.4
=604,28.2,18.9,12.0,35.3,45.0,10.3,5.6,39.2,71.2,84.0,good,14.6,61.6
=607,28.0,14.3,4.6,69.3,12.9,11.7,25.2,6.9,54.8,68.6,good,13.0,37.75
=607,28.0,21.4,19.7,60.2,15.3,7.8,12.3,4.6,63.4,61.2,good,14.6,32.9
=609,27.9,16.4,90.4,10.7,15.5,22.9,20.4,67.1,77.5,84.8,good,19.65,75.94999999999999
=609,27.9,18.0,89.8,4.9,79.8,17.8,11.1,18.9,51.6,70.4,good,17.9,44.650000000000006
=609,27.9,12.6,90.1,19.0,11.4,19.8,10.1,100.0,75.6,71.5,good,16.2,85.75
=609,27.9,17.2,19.0,57.9,23.6,9.9,5.2,32.1,51.4,61.6,good,13.55,46.85
=613,27.8,26.6,62.3,4.5,51.6,29.4,11.9,100.0,23.9,12.3,good,28.0,56.15
=613,27.8,25.3,8.3,6.4,14.3,59.4,31.3,8.4,55.4,92.9,good,42.35,50.650000000000006
=613,27.8,36.0,69.0,6.2,17.9,27.3,32.3,29.1,32.0,58.6,good,31.65,43.85
=613,27.8,36.8,2.6,12.3,20.2,34.0,16.9,14.5,69.5,64.1,good,35.4,39.3
=613,27.8,13.8,61.4,36.7,15.4,14.2,13.8,61.3,58.6,82.1,good,14.0,71.69999999999999
=618,27.7,12.8,52.3,29.9,76.3,18.0,6.7,22.9,56.5,36.2,good,15.4,29.55
=618,27.7,13.4,40.7,4.2,62.3,38.2,40.8,94.3,35.0,30.2,good,25.8,62.25
=622,27.6,23.6,26.1,4.9,61.3,15.4,11.5,100.0,36.8,71.3,good,19.5,85.65
=622,27.6,7.1,65.1,41.1,22.2,17.9,24.7,67.5,62.7,51.1,good,12.5,59.3
=624,27.5,30.0,7.1,2.3,30.5,53.2,24.2,46.4,51.0,35.5,good,41.6,40.95
=624,27.5,19.7,11.9,44.4,20.4,11.9,28.8,17.3,64.1,80.3,good,15.8,48.8
=624,27.5,28.6,6.3,27.8,38.4,10.8,31.2,3.0,51.5,90.1,good,19.700000000000003,46.55
=624,27.5,3.8,27.7,72.8,62.7,4.6,4.9,36.4,36.4,15.3,good,4.199999999999999,25.85
=628,27.4,31.7,13.5,1.3,71.2,34.9,16.6,55.4,35.6,9.0,good,33.3,32.2
=628,27.4,33.3,20.6,5.1,4.5,43.0,78.8,7.0,37.5,70.5,good,38.15,38.75
=628,27.4,4.9,32.5,87.7,8.6,10.5,8.8,26.9,34.0,41.7,good,7.7,34.3
=628,27.4,28.6,14.0,22.5,29.4,30.9,42.2,12.3,56.3,34.5,good,29.75,23.4
=628,27.4,33.9,11.8,27.6,17.5,16.0,20.0,3.0,62.4,77.3,good,24.95,40.15
=628,27.4,19.3,7.2,69.6,3.9,17.8,4.5,2.7,40.6,61.9,good,18.55,32.3
=628,27.4,17.7,5.9,37.1,13.5,21.9,28.0,54.6,68.9,68.0,good,19.799999999999997,61.3
=635,27.2,16.2,26.8,23.5,33.5,18.6,50.5,53.2,43.0,81.2,good,17.4,67.2
=635,27.2,10.9,90.7,27.8,12.0,13.1,13.5,80.1,62.6,81.5,good,12.0,80.8
=635,27.2,14.0,62.3,12.1,96.3,10.1,41.8,6.3,31.9,70.4,good,12.05,38.35
=638,27.1,11.1,100.0,1.8,95.6,26.0,5.3,100.0,12.5,5.2,good,18.55,52.6
=638,27.1,6.0,62.6,55.5,3.9,4.3,6.2,92.7,65.9,61.1,good,5.15,76.9
=638,27.1,29.7,10.2,15.6,54.6,9.9,14.8,2.3,69.7,89.2,good,19.8,45.75
=638,27.1,8.2,85.4,19.2,99.5,12.2,9.4,33.7,43.4,32.0,good,10.2,32.85
642,27.0,13.6,52.5,27.3,14.1,5.5,49.6,99.9,66.8,60.4,good,9.55,80.15
=643,26.9,9.5,43.6,53.9,22.1,7.9,13.5,60.7,45.2,59.8,good,8.7,60.25
=643,26.9,7.8,56.3,62.4,20.6,3.1,4.0,66.1,37.4,51.9,good,5.45,59.0
=643,26.9,17.5,25.7,23.8,74.7,19.9,17.1,17.7,64.7,28.1,good,18.7,22.9
=643,26.9,18.8,61.4,16.8,11.4,16.4,19.2,63.1,78.0,89.0,good,17.6,76.05
=648,26.8,25.3,11.0,6.3,24.5,29.8,14.9,99.4,54.3,66.0,good,27.55,82.7
=648,26.8,15.5,12.9,12.0,82.5,7.9,9.3,75.9,51.4,80.8,good,11.7,78.35
=650,26.7,10.7,57.2,1.7,100.0,38.7,69.8,15.4,21.7,6.7,good,24.700000000000003,11.05
=650,26.7,13.3,98.1,11.6,38.7,4.8,23.7,98.4,62.2,59.1,good,9.05,78.75
=650,26.7,40.0,4.1,2.3,18.2,20.4,90.6,10.7,43.3,63.2,good,30.2,36.95
=650,26.7,7.3,8.5,85.0,8.7,4.1,11.6,2.0,63.9,58.8,good,5.699999999999999,30.4
=654,26.6,32.7,3.5,6.8,9.6,58.6,60.7,2.8,44.1,27.3,good,45.650000000000006,15.05
=654,26.6,11.6,43.9,34.1,61.3,12.8,14.7,16.2,61.8,52.5,good,12.2,34.35
=654,26.6,7.3,1.2,83.4,2.2,14.6,3.1,2.6,48.4,75.3,good,10.95,38.949999999999996
=654,26.6,17.4,41.4,36.7,13.8,20.4,13.5,14.3,66.4,81.9,good,18.9,48.1
=654,26.6,33.9,25.4,27.0,6.1,10.6,6.9,21.0,54.3,94.2,good,22.25,57.6
=660,26.5,11.0,4.9,59.4,10.4,14.3,33.1,54.4,41.7,53.2,good,12.65,53.8
=660,26.5,27.1,18.6,20.7,10.1,21.7,20.0,44.0,74.0,68.2,good,24.4,56.1
=660,26.5,20.7,95.8,12.7,7.2,24.6,16.4,77.3,49.5,52.0,good,22.65,64.65
=660,26.5,10.7,78.5,43.7,15.7,10.5,17.4,30.7,53.3,73.6,good,10.6,52.15
=664,26.4,17.0,1.6,36.8,17.0,35.8,8.3,1.4,62.7,87.3,good,26.4,44.35
=664,26.4,10.3,1.9,84.0,20.2,15.0,6.5,1.3,42.3,18.0,good,12.65,9.65
=664,26.4,11.3,4.3,53.7,4.7,31.5,91.0,3.0,41.3,27.6,good,21.4,15.3
=664,26.4,14.3,9.8,41.5,19.8,18.6,35.2,27.8,60.5,72.3,good,16.450000000000003,50.05
=668,26.3,18.0,4.0,39.3,12.4,32.6,55.0,2.9,58.8,41.8,good,25.3,22.349999999999998
=668,26.3,9.3,9.5,58.2,74.6,6.6,2.1,7.9,48.8,25.5,good,7.95,16.7
=668,26.3,26.8,38.6,13.6,18.9,13.1,44.0,53.4,52.7,70.3,good,19.95,61.849999999999994
=668,26.3,7.2,40.0,37.1,30.5,12.4,45.4,68.9,61.5,44.9,good,9.8,56.900000000000006
=668,26.3,21.5,28.5,14.7,36.5,19.8,9.0,40.1,67.5,85.8,good,20.65,62.95
=673,26.2,9.1,2.5,82.5,15.4,10.3,12.5,3.3,40.2,43.5,good,9.7,23.4
=673,26.2,4.0,98.7,60.9,8.4,10.0,13.5,54.1,46.7,21.7,good,7.0,37.9
=673,26.2,18.5,36.7,11.1,42.7,35.5,12.5,32.3,43.0,76.5,good,27.0,54.4
=676,26.1,20.0,61.1,7.6,28.8,22.2,44.1,94.8,42.1,29.6,good,21.1,62.2
=678,26.0,14.4,100.0,3.8,26.2,38.3,45.6,100.0,25.4,4.3,good,26.349999999999998,52.15
=678,26.0,17.4,6.7,44.8,15.8,13.0,29.6,17.8,67.4,69.6,good,15.2,43.699999999999996
=680,25.9,17.6,70.5,2.5,85.2,25.5,3.6,40.1,51.5,14.1,good,21.55,27.1
=680,25.9,6.3,8.8,79.7,26.4,10.9,1.3,7.2,37.0,46.2,good,8.6,26.700000000000003
=680,25.9,25.7,17.8,5.0,10.3,61.5,4.8,36.5,64.4,41.1,good,43.6,38.8
=680,25.9,30.1,2.7,1.9,20.4,55.3,29.1,35.9,53.3,27.3,good,42.7,31.6
=684,25.8,16.8,39.0,6.9,61.3,14.7,87.0,8.4,43.7,68.8,good,15.75,38.6
=684,25.8,6.1,2.0,74.8,8.6,13.3,6.8,7.7,43.9,88.1,good,9.7,47.9
=686,25.7,3.1,5.2,94.5,10.7,6.8,26.2,7.2,35.3,26.4,good,4.95,16.8
=686,25.7,8.1,42.0,39.8,49.3,4.9,11.3,68.1,49.6,46.6,good,6.5,57.349999999999994
=688,25.6,22.0,7.0,1.9,94.0,20.1,64.1,13.4,43.3,22.1,good,21.05,17.75
=688,25.6,9.4,88.8,7.0,96.0,15.4,2.0,14.8,47.7,60.4,good,12.4,37.6
=688,25.6,21.6,51.0,27.7,9.1,8.2,13.6,36.5,69.2,83.3,good,14.9,59.9
=691,25.4,9.2,100.0,31.3,5.6,4.5,53.6,77.1,45.4,51.3,good,6.85,64.19999999999999
=691,25.4,36.8,2.4,15.7,20.0,9.2,32.3,3.8,63.9,80.5,good,23.0,42.15
=691,25.4,16.0,17.7,13.3,77.3,11.9,27.7,39.4,38.7,71.0,good,13.95,55.2
=691,25.4,20.5,5.3,34.3,11.6,26.0,15.8,5.0,65.2,81.2,good,23.25,43.1
696,25.2,9.2,16.1,3.3,26.5,94.7,8.9,23.3,45.6,29.4,good,51.95,26.35
696,25.2,11.2,93.4,10.0,84.8,14.6,1.4,35.7,30.0,47.8,good,12.899999999999999,41.75
=697,25.1,30.6,9.7,4.6,12.8,30.4,61.2,2.8,61.0,74.0,good,30.5,38.4
=697,25.1,6.1,2.5,81.5,28.6,7.2,2.8,3.2,40.5,36.6,good,6.65,19.900000000000002
=697,25.1,22.8,39.2,1.4,92.6,27.7,4.3,26.2,38.7,7.7,good,25.25,16.95
=697,25.1,15.7,22.6,29.1,100.0,9.5,1.8,3.1,37.5,23.3,good,12.6,13.200000000000001
=697,25.1,13.8,50.9,10.8,72.5,10.2,11.8,11.8,72.1,79.4,good,12.0,45.6
=697,25.1,7.2,94.8,16.4,57.4,5.8,13.6,98.2,36.3,43.9,good,6.5,71.05
=697,25.1,17.2,6.4,23.5,38.5,15.7,48.0,29.7,50.9,71.8,good,16.45,50.75
701-710,32.8,19.9,16.5,21.4,73.7,14.2,3.5,12.5,64.6,34.0,good,17.049999999999997,23.25
701-710,44.3,37.4,1.7,4.6,10.3,37.1,31.2,7.7,60.8,46.2,very good,37.25,26.950000000000003
701-710,30.3,16.0,99.6,22.3,19.3,12.5,5.0,100.0,47.0,10.6,good,14.25,55.3
701-710,26.5,10.2,4.3,68.3,6.0,10.9,23.4,1.2,45.7,68.1,good,10.55,34.65
701-710,30.2,15.9,5.0,1.7,81.2,34.4,73.5,24.5,36.2,14.3,good,25.15,19.4
701-710,32.0,18.6,7.7,33.0,4.1,37.1,17.4,13.2,45.9,73.7,good,27.85,43.45
701-710,35.0,23.2,5.1,8.1,26.8,12.8,98.4,1.9,60.9,92.1,good,18.0,47.0
711-720,25.7,9.0,6.0,79.9,5.1,2.8,2.1,14.5,36.6,64.2,good,5.9,39.35
711-720,33.4,20.8,22.7,15.3,18.6,37.5,37.8,4.6,57.9,60.0,good,29.15,32.3
711-720,25.7,8.9,37.4,36.9,30.2,11.2,35.3,31.3,48.7,68.8,good,10.05,50.05
711-720,31.8,18.3,97.8,17.0,20.8,7.5,25.2,89.1,43.0,22.7,good,12.9,55.9
711-720,25.5,8.6,55.8,42.4,3.2,19.0,40.3,27.1,56.7,49.8,good,13.8,38.45
711-720,28.1,12.7,44.5,11.0,92.6,17.4,3.9,27.2,26.6,60.1,good,15.049999999999999,43.65
711-720,28.0,12.5,19.6,41.0,2.3,19.4,20.1,46.5,66.0,60.9,good,15.95,53.7
711-720,25.8,9.1,38.4,45.4,19.6,11.1,7.7,31.8,55.0,74.1,good,10.1,52.949999999999996
711-720,29.2,14.3,12.1,37.7,23.8,11.5,17.5,27.1,63.8,79.6,good,12.9,53.349999999999994
711-720,33.8,21.3,19.0,36.7,15.6,11.0,9.8,15.9,49.4,86.9,good,16.15,51.400000000000006
721-730,39.2,29.7,6.8,1.9,7.5,38.9,30.4,92.9,43.5,21.3,very good,34.3,57.1
721-730,24.0,6.4,15.5,19.6,69.3,3.1,3.0,99.6,36.3,93.6,good,4.75,96.6
721-730,34.1,21.9,3.7,3.9,30.7,50.1,72.0,1.7,37.9,37.6,good,36.0,19.650000000000002
721-730,30.8,16.8,11.6,24.6,37.9,15.0,38.7,4.4,72.1,64.7,good,15.9,34.550000000000004
721-730,24.5,7.2,67.4,21.0,76.8,15.5,25.1,10.7,37.5,43.7,good,11.35,27.200000000000003
721-730,29.7,15.1,23.7,31.9,24.8,12.3,47.9,6.2,63.2,66.9,good,13.7,36.550000000000004
721-730,30.8,16.8,9.2,44.3,4.2,25.7,4.7,2.3,65.3,66.2,good,21.25,34.25
721-730,26.8,10.6,88.9,25.2,8.9,15.1,4.2,66.1,53.3,72.4,good,12.85,69.25
731-740,33.7,21.2,29.3,1.1,91.6,33.9,4.1,20.1,35.3,5.0,good,27.549999999999997,12.55
731-740,28.9,13.9,79.3,2.6,98.7,9.5,7.1,16.7,37.5,48.0,good,11.7,32.35
731-740,31.8,18.3,31.3,7.2,28.7,24.1,2.8,83.8,49.8,74.6,good,21.200000000000003,79.19999999999999
731-740,24.2,6.7,100.0,2.1,91.2,12.6,9.4,94.9,30.7,6.6,good,9.65,50.75
731-740,30.3,16.0,15.6,3.1,55.0,25.2,88.6,4.0,49.4,55.7,good,20.6,29.85
731-740,29.3,14.5,17.4,18.8,10.0,26.9,28.1,63.8,66.1,70.6,good,20.7,67.19999999999999
731-740,38.7,28.9,2.0,1.4,41.5,45.3,57.5,3.3,36.3,13.3,very good,37.099999999999994,8.3
731-740,30.2,15.8,16.7,9.2,39.9,6.2,61.3,61.9,56.7,82.5,good,11.0,72.2
731-740,28.6,13.4,27.8,26.0,5.6,43.2,26.7,9.5,63.7,55.4,good,28.3,32.45
741-750,28.2,12.8,42.0,23.9,27.6,11.5,11.0,61.3,63.1,63.3,good,12.15,62.3
741-750,35.6,24.1,15.6,8.8,45.7,12.3,15.8,10.9,63.6,88.7,very good,18.200000000000003,49.800000000000004
741-750,28.2,12.8,83.4,25.0,50.2,9.7,30.5,33.0,28.8,24.7,good,11.25,28.85
741-750,29.7,15.1,40.0,17.5,37.9,22.0,29.0,4.8,58.9,68.6,good,18.55,36.699999999999996
741-750,30.0,15.5,26.7,3.3,57.8,30.1,55.2,4.1,42.4,61.2,good,22.8,32.65
741-750,27.5,11.8,24.7,49.4,6.0,22.5,24.2,5.2,33.6,68.0,good,17.15,36.6
741-750,30.9,17.0,45.5,17.0,16.1,18.3,58.0,25.2,60.9,56.7,good,17.65,40.95
741-750,25.0,7.9,52.9,31.0,97.4,6.0,1.9,4.7,44.8,14.3,good,6.95,9.5
741-750,31.7,18.1,1.2,2.5,31.1,41.2,85.6,2.8,43.4,69.0,good,29.650000000000002,35.9
741-750,25.9,9.3,42.2,10.1,47.7,7.4,98.1,33.1,38.2,76.8,good,8.350000000000001,54.95
741-750,28.1,12.6,17.8,55.5,18.6,2.9,1.6,1.4,61.5,78.6,good,7.75,40.0
741-750,33.0,20.1,77.3,5.0,52.3,20.1,12.8,12.8,53.7,42.4,good,20.1,27.6
741-750,25.9,9.2,74.6,48.7,3.4,10.1,9.7,23.6,59.3,48.9,good,9.649999999999999,36.25
741-750,29.0,14.0,70.8,5.0,44.2,19.9,26.8,46.8,47.0,62.8,good,16.95,54.8
751-760,29.1,14.2,7.1,20.4,57.3,16.9,11.4,11.0,53.8,83.6,good,15.549999999999999,47.3
751-760,35.0,23.2,5.4,25.3,14.7,22.5,36.9,10.5,55.7,53.8,good,22.85,32.15
751-760,30.4,16.1,16.8,53.8,5.5,7.8,18.7,11.6,36.4,70.8,good,11.950000000000001,41.199999999999996
751-760,32.4,19.2,40.0,24.7,8.6,5.0,22.3,40.5,54.5,95.6,good,12.1,68.05
761-770,31.0,17.1,100.0,6.4,15.8,21.0,6.0,93.7,38.2,32.7,good,19.05,63.2
761-770,34.1,21.9,7.1,8.0,8.7,34.9,35.9,18.9,65.0,83.9,good,28.4,51.400000000000006
761-770,27.4,11.6,82.5,22.3,13.7,8.7,5.0,36.0,72.5,85.4,good,10.149999999999999,60.7
761-770,22.6,4.2,1.1,72.2,7.6,7.1,33.5,1.3,32.2,77.6,good,5.65,39.449999999999996
761-770,28.3,13.0,10.7,47.7,40.1,5.6,6.3,4.2,49.7,60.5,good,9.3,32.35
761-770,25.3,8.4,7.4,58.6,46.9,6.0,4.1,11.2,51.7,26.1,good,7.2,18.65
761-770,32.3,19.1,45.5,1.3,57.5,46.3,10.7,27.8,30.1,4.1,good,32.7,15.95
761-770,24.7,7.5,65.4,40.6,13.2,19.8,10.4,36.0,54.2,37.7,good,13.65,36.85
761-770,28.1,12.6,84.9,6.0,31.7,31.9,40.5,22.1,47.6,38.2,good,22.25,30.150000000000002
761-770,35.3,23.6,7.4,10.1,6.5,14.0,98.4,3.6,52.1,94.5,very good,18.8,49.05
761-770,33.6,21.1,4.8,8.3,9.0,35.9,67.9,3.5,60.8,72.3,good,28.5,37.9
761-770,27.0,11.0,26.2,13.0,47.5,12.8,73.5,100.0,19.0,26.1,good,11.9,63.05
761-770,35.7,24.3,1.3,4.3,9.2,33.0,68.7,6.6,69.4,68.3,very good,28.65,37.449999999999996
771-780,27.1,11.1,52.2,3.8,70.4,20.7,7.3,99.4,38.0,9.6,good,15.899999999999999,54.5
771-780,30.7,16.6,32.2,21.0,14.2,13.1,16.3,91.2,52.3,45.1,good,14.850000000000001,68.15
771-780,30.5,16.3,31.9,39.6,7.4,15.1,8.9,19.0,47.6,65.9,good,15.7,42.45
771-780,28.8,13.7,44.8,26.0,26.1,14.2,44.6,31.2,61.2,26.9,good,13.95,29.049999999999997
771-780,22.5,4.0,4.7,71.2,14.3,9.3,11.6,17.1,58.5,33.7,good,6.65,25.400000000000002
771-780,26.0,9.5,28.4,48.0,19.9,4.5,1.8,9.8,65.0,82.2,good,7.0,46.0
771-780,32.7,19.7,1.3,33.9,7.7,11.1,61.6,31.3,34.4,57.0,good,15.399999999999999,44.15
781-790,41.2,32.7,13.6,3.5,7.2,24.2,33.0,1.9,56.6,80.7,very good,28.450000000000003,41.300000000000004
781-790,30.0,15.6,56.9,18.6,7.3,16.8,43.1,17.6,61.1,74.9,good,16.2,46.25
781-790,29.5,14.8,18.9,33.2,6.0,29.1,29.0,6.6,47.3,64.6,good,21.950000000000003,35.599999999999994
781-790,37.2,26.5,92.9,9.7,4.2,7.1,29.3,90.3,36.6,11.2,very good,16.8,50.75
781-790,33.5,20.9,32.0,5.5,9.4,17.5,97.1,24.1,58.3,55.1,good,19.2,39.6
781-790,31.4,17.7,63.7,6.1,18.0,22.4,22.6,49.8,58.7,53.7,good,20.049999999999997,51.75
781-790,35.4,23.8,5.8,4.4,35.1,32.7,48.5,9.8,58.2,31.2,very good,28.25,20.5
781-790,30.6,16.5,58.3,12.9,14.1,31.2,57.7,17.1,47.9,33.8,good,23.85,25.45
781-790,33.6,21.1,21.4,14.2,36.0,11.5,10.4,11.5,70.9,79.3,good,16.3,45.4
781-790,29.6,15.0,5.7,32.1,19.2,15.0,24.4,18.2,59.6,77.3,good,15.0,47.75
781-790,24.4,7.0,47.0,53.2,5.2,8.1,7.3,40.9,54.4,43.6,good,7.55,42.25
781-790,29.2,14.3,67.8,1.9,70.5,30.2,4.6,4.4,46.2,35.2,good,22.25,19.8
781-790,25.7,9.0,10.5,18.0,70.3,6.8,34.1,17.9,66.9,69.8,good,7.9,43.849999999999994
791-800,30.6,16.4,82.1,7.4,30.0,27.8,5.9,36.3,39.4,44.9,good,22.1,40.599999999999994
791-800,25.7,9.0,2.7,55.4,41.9,10.8,7.6,5.3,33.4,38.4,good,9.9,21.849999999999998
791-800,34.5,22.5,7.9,17.8,65.8,12.5,6.2,11.3,48.7,30.2,good,17.5,20.75
791-800,26.0,9.4,2.2,47.7,43.4,5.3,11.1,3.0,45.3,69.6,good,7.35,36.3
791-800,43.6,36.4,2.6,13.2,6.8,29.0,12.2,15.1,36.9,43.3,very good,32.7,29.2
791-800,32.5,19.4,8.0,13.4,19.2,43.9,5.1,15.8,57.7,51.7,good,31.65,33.75
791-800,24.7,7.4,16.0,11.9,100.0,18.9,28.3,6.2,42.2,38.8,good,13.149999999999999,22.5
801-850,28.4,13.1,7.3,12.7,54.7,30.6,4.0,4.4,47.4,75.6,good,21.85,40.0
801-850,31.7,18.1,61.7,10.3,38.4,9.9,12.1,100.0,26.4,11.1,good,14.0,55.55
801-850,25.0,7.9,96.7,21.8,31.7,5.9,5.7,100.0,31.0,28.1,good,6.9,64.05
801-850,33.7,21.2,10.7,1.5,36.7,37.2,51.5,32.0,39.2,11.7,good,29.200000000000003,21.85
801-850,25.1,8.0,47.7,29.4,8.1,11.0,7.7,84.7,43.4,76.3,good,9.5,80.5
801-850,24.0,6.4,96.4,16.7,6.8,9.5,10.5,81.4,64.5,57.1,good,7.95,69.25
801-850,22.8,4.5,4.2,70.6,32.4,4.4,5.1,2.0,28.5,32.1,good,4.45,17.05
801-850,27.7,12.0,7.8,25.5,31.8,24.1,4.0,6.9,64.0,70.0,good,18.05,38.45
801-850,29.4,14.6,23.9,12.7,34.6,28.7,11.3,85.3,22.1,18.3,good,21.65,51.8
801-850,24.4,7.0,2.2,53.2,51.9,9.1,1.9,2.7,42.3,20.1,good,8.05,11.4
801-850,33.9,21.5,2.2,2.7,22.3,40.0,80.0,51.1,24.6,8.7,good,30.75,29.9
801-850,25.4,8.5,50.7,28.5,21.3,8.0,10.1,60.9,39.4,66.4,good,8.25,63.650000000000006
801-850,24.7,7.5,99.7,14.3,11.3,9.3,24.6,88.6,40.0,56.5,good,8.4,72.55
801-850,31.9,18.4,3.0,2.1,38.5,49.0,48.8,1.3,37.2,22.7,good,33.7,12.0
801-850,24.0,6.3,2.6,72.1,9.6,5.8,3.9,4.0,41.5,49.8,good,6.05,26.9
801-850,26.2,9.8,13.1,64.7,13.1,9.0,3.7,6.3,27.4,47.6,good,9.4,26.95
801-850,30.0,15.5,25.1,3.8,47.0,6.5,3.0,100.0,52.2,72.1,good,11.0,86.05
801-850,25.9,9.2,2.4,57.3,25.8,8.2,24.0,3.4,35.6,51.1,good,8.7,27.25
801-850,33.2,20.4,97.9,4.6,47.6,17.9,24.9,8.2,24.1,21.1,good,19.15,14.65
801-850,27.4,11.5,7.2,16.3,12.1,57.5,49.0,15.1,46.5,22.6,good,34.5,18.85
801-850,36.2,25.0,2.9,4.6,41.4,18.2,12.5,57.2,54.8,32.1,very good,21.6,44.650000000000006
801-850,32.8,19.9,6.9,2.4,71.0,17.8,86.0,3.3,32.2,19.3,good,18.85,11.3
801-850,36.1,24.9,6.1,1.4,81.2,25.8,13.4,27.0,11.7,7.9,very good,25.35,17.45
801-850,36.9,26.1,4.0,15.8,25.2,8.3,23.7,5.9,65.2,64.4,very good,17.200000000000003,35.150000000000006
801-850,29.1,14.1,2.2,10.4,97.9,8.8,3.6,6.1,61.8,49.5,good,11.45,27.8
801-850,42.6,34.8,2.1,8.3,9.0,10.8,36.3,12.8,66.6,63.7,very good,22.799999999999997,38.25
801-850,25.1,8.0,11.6,55.3,17.1,5.2,3.9,8.6,57.3,77.4,good,6.6,43.0
801-850,30.8,16.7,30.3,28.9,18.6,8.2,5.0,23.6,58.2,58.9,good,12.45,41.25
801-850,30.8,16.8,4.0,43.1,7.4,5.3,12.2,6.9,56.3,80.7,good,11.05,43.800000000000004
801-850,26.1,9.6,68.1,24.9,12.4,9.7,11.5,64.9,39.1,73.1,good,9.649999999999999,69.0
801-850,23.9,6.2,99.6,15.2,5.2,7.0,19.7,94.0,44.9,75.8,good,6.6,84.9
801-850,29.3,14.5,10.0,10.4,10.0,22.8,92.0,16.1,56.0,66.6,good,18.65,41.349999999999994
801-850,25.1,8.0,73.7,14.6,13.0,9.3,6.0,84.8,63.8,73.7,good,8.65,79.25
801-850,24.8,7.6,10.2,22.5,100.0,2.3,2.3,22.1,41.3,45.7,good,4.949999999999999,33.900000000000006
801-850,28.7,13.6,50.8,20.0,18.9,8.2,10.3,72.9,66.0,45.4,good,10.899999999999999,59.150000000000006
801-850,27.9,12.3,7.5,56.7,4.6,7.6,20.3,4.8,54.4,55.1,good,9.95,29.95
801-850,24.0,6.4,59.3,44.4,5.8,8.8,10.3,37.2,53.4,47.5,good,7.6000000000000005,42.35
801-850,31.5,17.8,3.8,45.0,7.1,4.8,6.4,3.3,44.3,84.0,good,11.3,43.65
801-850,27.9,12.3,2.6,46.9,9.6,6.1,5.4,4.4,58.4,85.5,good,9.2,44.95
801-850,23.8,6.0,3.6,50.1,60.2,3.8,6.4,2.7,44.2,29.1,good,4.9,15.9
801-850,27.9,12.3,99.2,9.0,7.1,11.4,34.2,85.2,40.3,37.6,good,11.850000000000001,61.400000000000006
801-850,33.3,20.6,15.6,6.9,45.0,22.0,18.5,7.2,45.3,63.2,good,21.3,35.2
801-850,27.7,12.0,10.0,53.0,5.0,5.2,5.2,8.8,49.3,71.5,good,8.6,40.15
801-850,30.4,16.1,52.7,15.3,21.9,8.1,16.9,33.0,44.9,90.5,good,12.100000000000001,61.75
801-850,38.9,29.1,1.2,3.9,7.1,44.7,34.4,7.3,45.1,46.8,very good,36.900000000000006,27.049999999999997
801-850,24.5,7.2,25.1,5.0,81.1,12.5,7.4,73.9,55.1,43.1,good,9.85,58.5
851-900,28.3,12.9,71.3,1.9,90.7,7.0,2.0,8.6,46.2,18.3,good,9.95,13.45
851-900,27.4,11.6,10.1,24.3,10.7,17.6,29.6,58.1,50.1,57.2,good,14.600000000000001,57.650000000000006
851-900,27.7,12.0,61.7,19.4,8.0,11.8,1.7,86.4,49.3,35.6,good,11.9,61.0
851-900,28.4,13.1,9.7,1.5,73.3,19.0,45.0,46.8,31.0,8.5,good,16.05,27.65
851-900,32.3,19.1,13.4,1.4,82.2,25.5,11.6,13.9,27.9,4.2,good,22.3,9.05
851-900,27.9,12.3,17.0,34.4,31.4,16.8,13.5,4.9,30.8,46.1,good,14.55,25.5
851-900,33.0,20.1,8.7,4.3,28.5,33.3,20.6,51.5,41.1,14.4,good,26.7,32.95
851-900,31.3,17.5,8.2,35.9,8.7,6.2,9.4,15.4,46.3,74.4,good,11.85,44.900000000000006
851-900,24.2,6.6,4.5,40.1,60.4,5.6,1.3,1.8,43.3,60.0,good,6.1,30.9
851-900,27.5,11.7,20.0,21.0,54.7,10.6,6.7,8.4,59.9,40.8,good,11.149999999999999,24.599999999999998
851-900,26.4,10.0,11.1,19.6,12.1,9.5,70.3,100.0,18.7,35.1,good,9.75,67.55
851-900,25.0,7.9,84.7,21.9,6.1,5.5,8.6,89.5,40.1,59.4,good,6.7,74.45
851-900,23.0,4.9,98.9,22.7,25.3,5.4,3.4,100.0,26.1,18.8,good,5.15,59.4
851-900,24.2,6.7,100.0,11.5,10.0,14.4,55.0,100.0,18.7,13.7,good,10.55,56.85
851-900,30.8,16.7,18.5,2.4,27.1,11.9,35.6,91.9,34.8,56.8,good,14.3,74.35
851-900,37.2,26.6,2.1,3.1,17.0,33.9,12.7,6.7,56.3,47.4,very good,30.25,27.05
851-900,28.7,13.5,21.2,20.4,9.6,12.0,11.5,53.8,53.9,89.7,good,12.75,71.75
851-900,29.1,14.1,6.9,23.8,9.6,12.9,36.8,22.4,75.4,63.4,good,13.5,42.9
851-900,29.4,14.7,17.4,9.7,50.3,11.8,13.7,2.9,65.0,73.7,good,13.25,38.300000000000004
851-900,26.2,9.8,38.8,8.3,68.8,8.3,4.8,14.3,49.4,74.1,good,9.05,44.199999999999996
851-900,32.2,18.9,56.8,9.2,17.3,27.0,5.1,53.6,39.1,26.9,good,22.95,40.25
851-900,29.5,14.8,25.0,30.6,12.3,5.9,4.6,20.2,48.3,88.1,good,10.350000000000001,54.15
851-900,30.2,15.9,2.1,3.2,66.8,29.7,3.5,34.3,46.7,23.3,good,22.8,28.799999999999997
851-900,26.8,10.6,12.0,21.3,12.2,12.8,30.6,65.0,50.5,71.4,good,11.7,68.2
851-900,41.0,32.4,2.7,6.9,20.4,13.5,5.6,7.4,60.9,55.4,very good,22.95,31.4
851-900,23.1,5.0,74.0,10.4,63.9,10.3,2.0,12.2,24.3,84.3,good,7.65,48.25
851-900,30.0,15.6,11.3,40.3,18.7,11.2,1.7,11.6,33.2,42.4,good,13.399999999999999,27.0
851-900,31.2,17.4,5.1,7.4,41.4,13.4,23.6,4.5,71.0,73.9,good,15.399999999999999,39.2
851-900,31.6,18.0,5.2,1.4,60.9,29.7,68.7,6.2,25.3,3.7,good,23.85,4.95
851-900,45.3,39.0,2.2,2.3,8.0,23.3,20.0,1.6,39.1,41.3,very good,31.15,21.45
851-900,29.0,14.0,11.4,32.5,15.4,9.1,5.1,4.5,72.7,81.5,good,11.55,43.0
851-900,30.9,17.0,63.4,5.5,39.1,18.5,5.2,45.3,42.5,23.0,good,17.75,34.15
851-900,26.7,10.5,20.6,5.0,100.0,11.7,10.5,4.3,39.7,39.8,good,11.1,22.049999999999997
851-900,23.8,6.0,88.7,24.2,12.6,11.5,11.2,100.0,19.1,14.4,good,8.75,57.2
851-900,31.5,17.8,1.8,10.8,2.1,12.4,96.8,8.1,52.8,80.8,good,15.100000000000001,44.449999999999996
851-900,33.1,20.3,9.0,1.7,14.1,45.9,25.5,38.5,40.2,19.1,good,33.1,28.8
851-900,31.3,17.6,12.0,16.5,49.2,15.6,6.9,6.4,48.5,38.4,good,16.6,22.4
851-900,22.5,4.0,28.5,67.2,8.4,1.8,2.0,19.3,36.7,40.5,good,2.9,29.9
851-900,33.2,20.5,19.0,16.8,2.5,14.9,31.4,40.3,51.6,65.4,good,17.7,52.85
851-900,28.4,13.1,8.4,50.0,5.9,5.0,6.9,6.3,52.7,70.3,good,9.05,38.3
851-900,28.9,13.8,54.3,15.6,38.4,17.4,9.3,19.3,35.1,42.7,good,15.6,31.0
851-900,22.3,3.7,36.6,40.7,20.5,15.3,16.7,36.9,47.3,29.4,good,9.5,33.15
851-900,29.6,15.0,10.6,10.8,45.7,31.0,4.0,4.7,31.2,68.8,good,23.0,36.75
851-900,35.1,23.4,25.9,5.2,5.3,32.0,42.3,7.7,45.3,44.6,very good,27.7,26.150000000000002
901-950,28.1,12.7,96.4,2.4,60.9,14.5,6.6,58.0,7.5,4.3,good,13.6,31.15
901-950,36.1,24.9,8.7,1.5,37.1,37.5,11.7,21.3,29.4,3.8,very good,31.2,12.55
901-950,27.8,12.2,16.3,24.0,47.3,6.8,6.5,14.6,61.3,29.2,good,9.5,21.9
901-950,32.6,19.5,26.7,2.9,100.0,5.8,3.3,11.5,13.9,9.8,good,12.65,10.65
901-950,24.5,7.1,33.0,5.3,47.2,40.5,3.3,18.2,35.7,50.4,good,23.8,34.3
901-950,35.3,23.7,7.5,7.6,9.8,24.4,28.9,1.2,55.6,61.2,very good,24.049999999999997,31.200000000000003
901-950,30.2,15.9,34.6,10.6,18.4,15.1,11.8,100.0,28.7,19.5,good,15.5,59.75
901-950,23.2,5.2,2.4,65.6,8.5,2.1,5.1,5.0,38.8,41.4,good,3.6500000000000004,23.2
901-950,28.1,12.6,3.2,7.0,44.8,9.8,2.9,99.2,23.7,56.9,good,11.2,78.05
901-950,28.5,13.2,10.8,22.1,58.1,7.1,1.7,11.6,53.1,33.9,good,10.149999999999999,22.75
901-950,25.8,9.1,9.5,31.6,16.2,11.9,21.0,26.2,43.4,60.4,good,10.5,43.3
901-950,31.3,17.6,18.5,1.2,60.0,36.7,10.5,14.5,22.3,5.7,good,27.150000000000002,10.1
901-950,37.2,26.6,3.3,8.8,11.7,22.6,5.9,6.4,59.9,57.1,very good,24.6,31.75
901-950,33.4,20.8,7.1,17.7,17.9,15.1,3.1,11.7,61.5,45.0,good,17.95,28.35
901-950,23.0,4.9,98.1,8.5,13.6,6.3,15.2,94.1,50.8,47.7,good,5.6,70.9
901-950,32.9,20.0,7.0,10.9,17.1,27.3,1.7,14.0,49.4,73.7,good,23.65,43.85
901-950,23.5,5.6,96.4,3.0,34.3,10.0,38.1,100.0,22.6,5.6,good,7.8,52.8
901-950,23.9,6.2,20.1,38.2,32.2,10.2,4.6,18.2,37.9,55.2,good,8.2,36.7
901-950,25.7,9.0,10.8,12.2,84.3,3.7,3.4,8.5,59.6,48.4,good,6.35,28.45
901-950,31.7,18.1,5.2,12.3,57.2,14.0,8.9,6.2,47.7,34.1,good,16.05,20.150000000000002
901-950,27.0,11.0,57.2,12.1,14.3,36.8,6.3,60.1,31.3,8.8,good,23.9,34.45
901-950,25.7,8.9,10.7,20.3,26.2,2.9,1.7,84.0,48.2,83.0,good,5.9,83.5
901-950,24.4,7.0,4.7,30.2,9.2,2.7,2.9,100.0,46.0,80.5,good,4.85,90.25
901-950,27.1,11.1,30.6,9.9,12.6,12.4,45.6,63.9,44.3,55.1,good,11.75,59.5
901-950,39.8,30.6,1.8,2.1,20.1,16.2,30.7,62.9,33.9,9.9,very good,23.4,36.4
901-950,27.7,12.1,4.4,18.8,8.0,29.6,29.4,7.1,53.1,59.7,good,20.85,33.4
901-950,31.7,18.2,6.0,1.5,77.3,25.5,27.4,13.2,22.6,9.1,good,21.85,11.149999999999999
901-950,24.9,7.7,96.1,3.0,56.6,19.7,10.7,14.4,45.0,11.6,good,13.7,13.0
901-950,35.7,24.2,3.6,1.8,34.2,30.2,71.4,8.1,25.7,5.4,very good,27.2,6.75
901-950,31.7,18.2,6.0,11.6,34.1,8.4,11.9,5.8,63.7,74.0,good,13.3,39.9
901-950,30.4,16.1,7.7,7.1,41.2,6.4,20.3,9.6,59.2,84.9,good,11.25,47.25
901-950,36.4,25.3,3.5,4.7,13.4,36.5,45.2,15.1,28.9,17.9,very good,30.9,16.5
901-950,26.4,10.1,10.1,44.1,7.3,9.7,12.8,5.3,47.4,63.2,good,9.899999999999999,34.25
901-950,22.1,3.4,5.5,19.9,99.7,3.5,5.9,6.3,37.9,40.4,good,3.45,23.349999999999998
901-950,23.6,5.8,100.0,12.1,6.8,6.7,17.0,81.4,39.0,57.7,good,6.25,69.55000000000001
901-950,26.9,10.8,27.3,12.7,36.4,15.6,41.3,2.3,49.9,67.4,good,13.2,34.85
901-950,26.4,10.1,51.5,30.5,3.2,9.7,29.4,6.3,40.6,69.0,good,9.899999999999999,37.65
901-950,35.1,23.4,1.4,9.5,46.5,7.7,1.7,23.7,27.2,66.5,very good,15.549999999999999,45.1
901-950,26.9,10.8,88.2,12.0,9.1,7.9,13.8,55.6,43.4,61.6,good,9.350000000000001,58.6
901-950,36.0,24.7,7.8,15.5,3.3,14.6,11.0,8.8,56.2,66.7,very good,19.65,37.75
901-950,25.2,8.2,13.9,24.2,24.2,4.4,31.8,62.6,48.5,55.0,good,6.3,58.8
901-950,26.0,9.5,6.0,20.0,42.8,9.9,18.3,12.6,48.4,68.8,good,9.7,40.699999999999996
901-950,23.2,5.1,17.8,47.5,18.9,4.7,4.9,38.6,33.5,46.7,good,4.9,42.650000000000006
951-1000,25.2,8.2,1.0,3.7,98.9,24.1,10.1,2.5,29.4,15.6,good,16.15,9.05
951-1000,26.4,10.1,90.5,2.8,19.4,20.5,12.3,72.3,40.1,15.0,good,15.3,43.65
951-1000,26.7,10.5,34.9,14.9,18.2,18.3,4.9,12.1,54.7,67.5,good,14.4,39.8
951-1000,26.4,10.1,6.6,31.9,2.1,37.2,33.9,1.9,39.8,14.8,good,23.650000000000002,8.35
951-1000,23.2,5.2,59.0,7.4,64.9,5.2,1.3,55.1,31.4,47.9,good,5.2,51.5
951-1000,24.0,6.4,47.2,13.9,14.1,9.4,13.4,66.0,64.9,60.4,good,7.9,63.2
951-1000,20.5,1.0,38.0,47.3,19.0,4.0,12.2,42.9,26.9,31.0,good,2.5,36.95
951-1000,26.1,9.6,10.6,24.8,18.5,15.2,13.5,16.3,47.7,75.8,good,12.399999999999999,46.05
951-1000,34.7,22.7,2.4,5.0,32.6,21.5,12.3,20.1,49.3,27.4,good,22.1,23.75
951-1000,27.7,12.0,17.1,18.0,17.1,11.6,17.4,15.6,56.1,67.6,good,11.8,41.599999999999994
951-1000,23.6,5.8,9.4,48.5,12.5,14.6,12.8,5.0,43.0,26.9,good,10.2,15.95
951-1000,24.9,7.7,53.2,3.1,86.3,4.7,1.9,28.1,32.1,34.5,good,6.2,31.3
951-1000,27.6,11.9,7.5,1.4,83.5,1.4,95.2,1.9,18.2,24.7,good,6.65,13.299999999999999
951-1000,26.6,10.3,25.6,1.3,90.3,16.9,7.8,15.5,29.7,3.1,good,13.6,9.3
951-1000,24.9,7.8,37.1,3.3,60.6,15.1,11.9,82.3,27.5,7.6,good,11.45,44.949999999999996
951-1000,25.9,9.2,6.9,21.4,67.5,4.4,3.4,8.2,50.4,33.9,good,6.8,21.049999999999997
951-1000,32.4,19.2,28.2,3.0,14.5,23.0,7.9,95.3,33.1,8.2,good,21.1,51.75
951-1000,32.2,18.9,6.3,9.5,16.6,34.8,5.1,7.9,51.6,28.9,good,26.849999999999998,18.4
951-1000,30.9,16.9,1.6,6.6,7.5,54.1,11.7,10.5,37.3,30.2,good,35.5,20.35
951-1000,25.3,8.4,3.1,24.9,7.0,14.9,24.8,9.2,60.4,94.6,good,11.65,51.9
951-1000,27.4,11.5,11.6,14.7,67.5,5.1,3.4,8.3,58.3,41.7,good,8.3,25.0
951-1000,22.5,4.0,84.4,11.4,6.7,19.4,9.4,78.5,46.9,34.2,good,11.7,56.35
951-1000,26.4,10.0,26.9,11.5,24.6,28.4,13.7,8.7,55.1,41.2,good,19.2,24.950000000000003
951-1000,25.1,8.1,4.6,19.9,3.8,10.5,71.0,100.0,34.2,23.6,good,9.3,61.8
951-1000,32.1,18.7,20.3,2.5,25.9,27.2,21.3,41.0,48.7,9.1,good,22.95,25.05
951-1000,25.5,8.6,22.5,8.3,57.4,9.4,5.5,5.6,33.3,84.2,good,9.0,44.9
951-1000,23.6,5.7,42.2,23.8,50.8,4.2,18.5,20.6,35.9,23.5,good,4.95,22.05
951-1000,31.5,17.8,6.0,8.5,14.3,23.4,3.4,8.0,62.2,76.4,good,20.6,42.2
951-1000,41.1,32.5,1.5,4.3,5.3,16.0,6.2,11.5,47.7,47.1,very good,24.25,29.3
951-1000,32.5,19.4,1.9,4.1,6.8,46.0,51.8,4.1,45.4,10.8,good,32.7,7.45
951-1000,30.2,15.8,2.1,1.2,48.9,33.5,41.2,10.7,23.8,5.6,good,24.65,8.149999999999999
951-1000,31.9,18.4,13.6,3.8,18.5,35.9,41.5,41.2,18.5,5.3,good,27.15,23.25
951-1000,23.8,6.1,63.5,11.2,33.7,8.9,13.1,62.5,42.8,25.3,good,7.5,43.9
951-1000,39.5,30.1,2.6,3.6,21.8,30.1,14.4,3.7,31.5,17.6,very good,30.1,10.65
951-1000,25.9,9.3,6.8,47.3,3.6,4.7,7.0,3.8,54.2,65.5,good,7.0,34.65
951-1000,35.2,23.5,3.1,1.7,41.9,17.5,22.0,11.9,53.0,20.0,very good,20.5,15.95
951-1000,29.2,14.3,10.5,5.0,8.1,15.1,55.5,94.1,28.9,38.7,good,14.7,66.4
951-1000,27.1,11.1,7.9,34.9,10.6,4.5,1.7,9.2,57.5,79.1,good,7.8,44.15
951-1000,25.5,8.7,5.4,5.0,41.1,4.3,2.9,100.0,45.6,62.3,good,6.5,81.15
951-1000,29.9,15.4,19.0,6.9,47.9,7.3,21.0,5.7,29.8,75.7,good,11.35,40.7
951-1000,28.9,13.8,27.1,23.3,14.4,23.5,7.4,7.2,49.4,35.3,good,18.65,21.25
951-1000,27.7,12.0,5.5,23.9,6.1,6.4,28.1,30.3,35.7,84.4,good,9.2,57.35
1001-1200,45.5,39.3,2.8,1.7,7.6,17.9,3.5,18.1,10.1,4.8,very good,28.599999999999998,11.450000000000001
1001-1200,24.0,6.4,2.0,11.4,100.0,10.0,8.3,1.5,22.6,18.2,good,8.2,9.85
1001-1200,33.9,21.5,16.8,2.0,14.9,13.9,33.2,1.7,35.3,64.4,good,17.7,33.050000000000004
1001-1200,27.5,11.7,17.0,5.8,7.8,20.6,23.1,4.6,48.7,49.1,good,16.15,26.85
1001-1200,23.7,5.9,14.4,1.1,93.9,8.9,4.2,27.8,26.6,4.4,good,7.4,16.1
1001-1200,24.3,6.9,2.5,10.7,39.2,6.6,1.2,36.7,26.8,67.4,good,6.75,52.050000000000004
1001-1200,28.7,13.5,47.4,4.3,11.5,14.5,11.3,49.8,47.1,39.0,good,14.0,44.4
1001-1200,24.7,7.5,34.9,2.4,44.7,12.4,16.8,9.2,29.7,27.0,good,9.95,18.1
1001-1200,30.5,16.3,7.2,4.0,20.7,15.1,3.0,21.1,53.3,66.5,good,15.7,43.8
1001-1200,36.6,25.7,14.5,1.0,42.1,20.7,11.8,9.9,25.8,1.3,very good,23.2,5.6000000000000005
1001-1200,32.2,18.9,3.0,18.8,14.4,10.6,15.6,1.5,44.5,59.3,good,14.75,30.4
1001-1200,25.5,8.7,6.6,12.8,17.5,20.9,24.5,3.7,42.9,46.9,good,14.799999999999999,25.3
1001-1200,22.6,4.3,2.8,45.2,19.8,9.2,22.4,6.4,27.3,22.1,good,6.75,14.25
1001-1200,32.8,19.9,16.3,8.8,16.1,7.5,4.9,25.9,44.1,68.9,good,13.7,47.400000000000006
1001-1200,26.4,10.1,15.5,19.5,9.3,14.1,11.3,17.3,44.8,26.2,good,12.1,21.75
1001-1200,25.2,8.2,65.5,6.5,8.7,8.0,12.1,54.9,37.9,44.5,good,8.1,49.7
1001-1200,24.9,7.7,5.3,15.8,6.7,13.5,36.9,1.3,44.6,51.9,good,10.6,26.599999999999998
1001-1200,24.6,7.3,58.4,3.1,26.5,20.8,16.6,8.4,35.6,18.5,good,14.05,13.45
1001-1200,27.5,11.8,8.6,17.8,15.0,8.0,7.1,5.0,39.0,46.7,good,9.9,25.85
1001-1200,26.3,9.9,11.8,25.2,6.9,9.2,28.6,5.3,46.7,17.3,good,9.55,11.3
1001-1200,24.1,6.5,21.5,19.6,47.9,4.6,1.8,10.7,50.9,33.4,good,5.55,22.049999999999997
1001-1200,21.5,2.5,94.6,23.5,25.6,3.6,19.3,15.2,42.4,29.1,good,3.05,22.15
1001-1200,26.4,10.0,9.0,16.2,26.4,14.9,38.6,6.0,44.4,37.9,good,12.45,21.95
1001-1200,28.1,12.6,9.2,10.0,28.3,28.1,10.3,3.4,20.5,44.2,good,20.35,23.8
1001-1200,29.4,14.6,5.5,1.4,75.9,18.2,4.4,23.7,31.0,5.2,good,16.4,14.45
1001-1200,30.0,15.6,5.0,6.9,5.7,23.0,8.3,7.7,51.7,45.1,good,19.3,26.400000000000002
1001-1200,26.4,10.0,12.6,4.8,72.0,8.3,3.6,5.5,47.6,17.1,good,9.15,11.3
1001-1200,29.3,14.5,9.2,5.1,21.0,24.4,6.6,1.4,33.0,71.3,good,19.45,36.35
1001-1200,23.0,4.9,39.2,2.7,44.1,17.4,57.5,6.7,43.8,37.6,good,11.149999999999999,22.150000000000002
1001-1200,24.2,6.6,13.1,18.2,6.2,15.2,13.0,8.4,48.4,65.3,good,10.899999999999999,36.85
1001-1200,25.8,9.1,23.3,9.6,19.3,16.8,47.6,10.5,32.1,23.3,good,12.95,16.9
1001-1200,24.4,7.0,10.6,40.3,9.1,9.5,2.5,19.7,42.2,41.4,good,8.25,30.549999999999997
1001-1200,24.0,6.4,6.2,14.3,58.9,4.5,1.8,7.1,44.1,23.4,good,5.45,15.25
1001-1200,24.5,7.2,77.3,11.2,6.3,9.5,8.5,45.5,56.7,40.3,good,8.35,42.9
1001-1200,22.1,3.4,3.5,13.1,95.6,2.7,1.8,4.3,41.4,9.1,good,3.05,6.699999999999999
1001-1200,23.2,5.2,3.6,46.8,24.0,6.5,7.2,3.0,24.3,40.0,good,5.85,21.5
1001-1200,25.3,8.3,6.4,6.0,43.6,16.1,37.8,1.2,37.9,35.2,good,12.200000000000001,18.200000000000003
1001-1200,24.5,7.1,43.1,7.2,34.1,8.0,4.8,4.1,55.4,59.0,good,7.55,31.55
1001-1200,25.7,8.9,9.0,22.6,23.5,8.4,6.5,38.8,43.7,51.3,good,8.65,45.05
1001-1200,24.0,6.4,25.0,5.3,52.1,5.2,1.7,18.0,50.7,53.3,good,5.800000000000001,35.65
1001-1200,25.1,8.0,10.2,15.4,32.0,7.1,3.5,6.5,56.6,28.6,good,7.55,17.55
1001-1200,30.2,15.9,4.1,2.6,17.8,41.9,4.3,15.3,32.7,13.9,good,28.9,14.600000000000001
1001-1200,24.4,7.0,15.7,20.0,9.0,4.8,11.3,25.4,40.8,62.5,good,5.9,43.95
1001-1200,23.3,5.3,63.5,5.3,51.0,6.2,5.2,7.0,43.7,9.9,good,5.75,8.45
1001-1200,23.1,5.0,5.9,37.5,12.9,9.0,1.8,10.4,34.9,21.6,good,7.0,16.0
1001-1200,23.2,5.1,45.2,13.5,5.2,10.3,10.8,46.9,61.7,36.6,good,7.7,41.75
1001-1200,26.4,10.0,37.0,3.5,50.9,8.2,3.9,2.6,38.2,18.0,good,9.1,10.3
1001-1200,23.8,6.0,8.3,16.0,59.0,7.3,4.1,4.1,40.3,49.2,good,6.65,26.650000000000002
1001-1200,23.7,5.9,97.6,7.0,4.7,7.3,20.8,68.5,20.9,22.4,good,6.6,45.45
1001-1200,27.8,12.2,5.0,12.6,30.5,21.2,24.1,9.3,33.5,36.2,good,16.7,22.75
1001-1200,26.1,9.6,2.1,2.6,38.6,26.3,17.9,3.7,50.8,20.2,good,17.95,11.95
1001-1200,28.6,13.4,13.6,6.5,5.8,5.3,98.3,8.3,42.0,65.3,good,9.35,36.8
1001-1200,32.1,18.8,21.2,5.0,5.2,15.8,12.6,9.9,55.5,81.9,good,17.3,45.900000000000006
1001-1200,27.5,11.8,6.8,4.9,5.4,23.1,38.1,5.5,42.6,52.5,good,17.450000000000003,29.0
1001-1200,25.8,9.1,90.9,13.2,12.4,7.2,5.9,10.6,8.0,47.7,good,8.15,29.150000000000002
1001-1200,24.5,7.2,5.5,33.5,9.1,8.7,12.8,19.7,38.5,70.2,good,7.949999999999999,44.95
1001-1200,25.3,8.3,6.3,1.8,64.9,23.5,10.4,43.6,26.5,19.2,good,15.9,31.4
1001-1200,30.0,15.6,32.9,3.4,12.1,21.8,10.1,15.7,33.2,28.0,good,18.7,21.85
1001-1200,23.8,6.0,51.6,7.1,22.7,12.9,53.2,12.1,50.4,23.6,good,9.45,17.85
1001-1200,30.1,15.7,20.7,1.5,26.1,14.9,69.7,31.0,35.6,1.0,good,15.3,16.0
1001-1200,23.1,5.0,26.9,2.4,97.6,5.3,1.8,4.0,10.2,14.4,good,5.15,9.2
1001-1200,24.8,7.6,33.3,1.8,61.1,20.8,4.6,2.3,38.9,17.1,good,14.2,9.700000000000001
1001-1200,26.6,10.3,11.3,9.4,65.8,4.8,3.9,4.6,30.1,81.3,good,7.550000000000001,42.949999999999996
1001-1200,24.2,6.6,6.1,6.7,88.7,5.1,7.2,6.6,43.0,23.1,good,5.85,14.850000000000001
1001-1200,26.0,9.5,3.8,23.4,6.7,16.2,7.5,3.5,45.2,48.0,good,12.85,25.75
1001-1200,28.6,13.4,16.1,4.5,28.8,6.4,3.0,100.0,15.7,18.0,good,9.9,59.0
1001-1200,23.6,5.8,4.7,31.8,55.7,3.2,5.1,4.8,33.1,37.6,good,4.5,21.2
1001-1200,24.1,6.5,27.1,3.8,25.1,19.8,3.9,87.9,17.5,7.3,good,13.15,47.6
1001-1200,27.0,10.9,6.3,14.0,7.6,13.3,27.9,3.9,38.3,51.8,good,12.100000000000001,27.849999999999998
1001-1200,24.0,6.4,78.5,5.5,69.2,5.6,5.5,7.0,22.2,41.6,good,6.0,24.3
1001-1200,35.8,24.4,2.6,1.9,13.5,19.1,46.2,18.0,23.0,35.3,very good,21.75,26.65
1001-1200,28.5,13.2,1.5,1.7,48.8,21.2,44.1,5.2,14.9,2.9,good,17.2,4.05
1001-1200,24.2,6.6,11.1,14.8,92.2,4.1,4.1,1.7,26.6,37.5,good,5.35,19.6
1001-1200,27.0,10.9,10.7,12.8,39.8,13.1,7.4,3.4,27.6,47.8,good,12.0,25.599999999999998
1001-1200,24.7,7.4,96.1,3.4,16.3,16.2,14.8,30.9,29.5,15.9,good,11.8,23.4
1001-1200,25.3,8.3,99.7,4.1,4.3,11.8,1.7,99.5,14.4,4.7,good,10.05,52.1
1001-1200,29.1,14.1,2.6,8.6,17.1,21.8,4.9,1.7,49.2,75.1,good,17.95,38.4
1001-1200,21.9,3.1,44.4,3.7,79.1,5.9,13.2,28.1,28.3,9.6,good,4.5,18.85
1001-1200,35.3,23.7,6.5,1.3,41.0,18.0,9.5,25.1,11.6,7.3,very good,20.85,16.2
1001-1200,25.0,7.9,4.6,22.8,4.5,8.7,32.1,7.9,46.5,70.6,good,8.3,39.25
1001-1200,26.7,10.5,32.2,18.9,20.5,7.9,1.9,12.0,49.7,28.6,good,9.2,20.3
1001-1200,26.2,9.8,42.7,7.1,10.9,13.4,12.3,42.6,40.6,60.6,good,11.600000000000001,51.6
1001-1200,24.9,7.8,46.0,7.9,29.9,9.9,10.3,56.8,44.4,37.7,good,8.85,47.25
1001-1200,25.5,8.7,7.1,15.2,39.3,9.8,13.2,4.9,32.1,75.2,good,9.25,40.050000000000004
1001-1200,26.9,10.8,29.1,7.7,48.9,10.6,17.9,4.8,28.1,54.2,good,10.7,29.5
1001-1200,24.9,7.7,7.3,10.1,70.9,9.1,1.9,7.5,45.2,12.8,good,8.4,10.15
1001-1200,24.4,7.0,42.3,3.5,65.4,7.5,3.7,4.9,31.4,43.6,good,7.25,24.25
1001-1200,24.0,6.4,16.3,11.9,37.6,10.9,62.4,15.8,41.9,28.8,good,8.65,22.3
1001-1200,21.9,3.2,5.3,45.1,12.0,3.5,16.5,1.5,37.9,51.4,good,3.35,26.45
1001-1200,24.0,6.3,29.1,5.2,47.1,11.0,4.5,3.9,48.2,35.5,good,8.65,19.7
1001-1200,25.8,9.1,6.6,1.5,85.0,13.4,1.8,3.7,28.5,2.7,good,11.25,3.2
1001-1200,27.8,12.2,13.4,2.9,28.9,36.6,4.8,4.9,44.9,16.5,good,24.4,10.7
1001-1200,30.1,15.7,11.3,1.5,14.0,31.4,23.7,19.2,36.7,13.5,good,23.549999999999997,16.35
1001-1200,25.2,8.2,89.6,10.3,21.4,13.8,21.4,1.8,21.9,40.5,good,11.0,21.15
1001-1200,28.7,13.6,12.1,2.5,23.3,14.7,11.6,53.5,36.3,15.5,good,14.149999999999999,34.5
1001-1200,30.0,15.6,18.4,7.8,5.5,23.7,5.1,9.9,45.4,45.1,good,19.65,27.5
1001-1200,24.4,7.0,39.7,16.4,6.6,9.2,14.9,12.7,64.5,57.7,good,8.1,35.2
1001-1200,31.3,17.5,8.0,14.8,41.9,8.2,4.9,9.7,26.4,39.5,good,12.85,24.6
1001-1200,32.6,19.5,3.8,3.9,11.1,16.4,2.5,9.6,56.9,60.9,good,17.95,35.25
1001-1200,32.4,19.3,2.5,14.3,4.1,15.4,4.8,20.5,44.0,45.8,good,17.35,33.15
1001-1200,32.3,19.0,6.3,5.5,11.9,25.8,8.8,17.5,36.4,37.1,good,22.4,27.3
1001-1200,24.9,7.8,5.2,2.4,87.6,8.8,12.9,5.1,15.9,7.4,good,8.3,6.25
1001-1200,28.5,13.2,2.9,1.4,84.2,22.2,7.0,17.1,7.4,3.6,good,17.7,10.350000000000001
1001-1200,29.8,15.2,1.8,3.6,59.1,12.1,4.6,1.6,53.2,23.9,good,13.649999999999999,12.75
1001-1200,26.8,10.7,4.5,2.8,83.9,12.7,27.6,4.8,28.5,17.7,good,11.7,11.25
1001-1200,28.0,12.5,20.3,9.4,11.5,16.9,14.5,24.2,64.0,65.3,good,14.7,44.75
1001-1200,32.6,19.5,1.1,3.8,23.5,22.6,42.0,2.1,11.6,11.6,good,21.05,6.85
1001-1200,28.5,13.3,1.8,8.3,4.7,37.5,17.7,19.0,42.7,46.3,good,25.4,32.65
1001-1200,26.8,10.7,9.7,17.9,22.0,4.7,7.9,2.7,46.9,70.4,good,7.699999999999999,36.550000000000004
1001-1200,37.2,26.5,1.3,1.6,21.3,12.5,9.8,2.8,55.2,45.1,very good,19.5,23.95
1001-1200,26.6,10.4,20.6,9.6,52.1,7.1,3.5,3.7,60.7,46.6,good,8.75,25.150000000000002
1001-1200,29.5,14.8,2.1,3.5,23.0,10.8,71.8,8.3,37.7,43.4,good,12.8,25.85
1001-1200,29.2,14.4,1.9,13.2,9.1,11.7,2.5,27.4,29.4,46.4,good,13.05,36.9
1001-1200,27.5,11.7,15.7,3.4,56.0,13.1,4.7,21.9,18.6,6.9,good,12.399999999999999,14.399999999999999
1001-1200,35.6,24.1,2.2,2.8,11.1,9.7,28.8,3.3,34.9,24.7,very good,16.9,14.0
1001-1200,29.6,15.0,2.5,28.8,20.3,10.8,1.8,3.4,41.3,47.1,good,12.9,25.25
1001-1200,32.5,19.4,11.2,9.8,25.7,8.7,18.0,3.9,40.0,55.4,good,14.049999999999999,29.65
1001-1200,25.4,8.5,9.4,13.8,29.3,7.1,3.6,3.5,61.1,61.7,good,7.8,32.6
1001-1200,23.0,4.9,5.1,45.9,4.6,3.0,3.2,5.1,29.6,60.3,good,3.95,32.699999999999996
1001-1200,33.7,21.2,11.2,2.5,25.2,21.4,2.8,33.3,50.8,20.5,good,21.299999999999997,26.9
1001-1200,29.2,14.4,2.6,1.8,38.0,13.4,7.4,14.1,46.0,28.6,good,13.9,21.35
1001-1200,24.9,7.7,24.1,28.4,20.8,3.3,1.7,4.8,59.6,51.1,good,5.5,27.95
1001-1200,24.7,7.4,16.2,21.5,27.5,3.7,5.2,7.3,59.1,56.4,good,5.550000000000001,31.849999999999998
1001-1200,26.8,10.7,4.9,13.7,29.8,9.1,5.2,1.8,43.1,47.9,good,9.899999999999999,24.849999999999998
1001-1200,34.2,22.0,12.4,6.2,15.1,15.7,5.0,23.9,48.1,33.2,good,18.85,28.55
1001-1200,33.0,20.1,19.7,6.8,17.3,14.4,5.0,43.9,42.6,35.9,good,17.25,39.9
1001-1200,29.3,14.5,12.0,18.6,11.7,12.2,5.0,6.8,49.7,45.8,good,13.35,26.299999999999997
1001-1200,25.4,8.5,38.6,1.4,63.1,8.2,64.4,15.8,17.0,6.1,good,8.35,10.95
1001-1200,36.4,25.3,1.8,3.0,27.2,15.4,5.6,3.5,31.7,25.9,very good,20.35,14.7
1001-1200,25.3,8.4,4.4,19.0,7.8,7.4,34.4,9.2,45.1,67.8,good,7.9,38.5
1001-1200,25.1,8.0,26.9,3.6,49.8,21.2,3.8,20.5,33.6,14.4,good,14.6,17.45
1001-1200,24.1,6.5,78.4,7.1,12.4,9.3,3.3,43.2,35.5,56.9,good,7.9,50.05
1001-1200,29.7,15.1,1.5,6.1,3.3,20.9,76.0,1.2,61.1,20.7,good,18.0,10.95
1001-1200,24.9,7.8,14.2,12.7,43.6,12.2,37.5,6.0,49.5,31.8,good,10.0,18.9
1001-1200,25.7,8.9,29.9,14.3,7.4,29.8,52.2,8.8,31.6,29.1,good,19.35,18.950000000000003
1001-1200,22.4,3.9,99.8,9.5,2.6,6.5,14.1,83.3,29.5,34.5,good,5.2,58.9
1001-1200,23.6,5.8,6.2,13.3,24.8,6.9,5.2,60.2,23.0,49.4,good,6.35,54.8
1001-1200,22.1,3.5,12.2,36.9,15.4,1.6,7.5,8.6,41.7,32.0,good,2.55,20.3
1001-1200,26.0,9.4,7.5,32.0,1.9,5.6,3.6,2.0,36.5,55.7,good,7.5,28.85
1001-1200,29.3,14.5,1.2,10.4,2.0,19.2,51.2,4.7,31.3,48.4,good,16.85,26.55
1001-1200,22.4,3.9,5.9,13.3,43.8,4.2,9.8,21.8,39.5,59.6,good,4.05,40.7
1001-1200,22.8,4.6,5.1,12.0,78.0,3.2,9.2,5.2,35.9,47.6,good,3.9,26.400000000000002
1001-1200,23.2,5.1,31.3,25.7,21.9,9.5,13.4,6.9,30.8,26.4,good,7.3,16.65
1001-1200,23.5,5.6,4.2,47.2,4.2,3.4,1.8,2.0,41.2,33.3,good,4.5,17.65
1001-1200,24.0,6.4,4.1,24.4,24.2,6.5,13.9,23.4,48.1,62.9,good,6.45,43.15
1001-1200,28.0,12.5,6.1,16.0,8.2,9.6,15.7,6.3,50.9,67.3,good,11.05,36.8
1001-1200,23.8,6.0,4.9,24.8,17.7,9.1,13.3,11.7,47.1,32.4,good,7.55,22.049999999999997
1001-1200,24.2,6.7,13.7,19.6,7.7,7.0,15.3,15.5,43.9,66.4,good,6.85,40.95
1001-1200,28.7,13.6,16.8,33.0,4.5,5.8,12.5,5.2,37.0,63.0,good,9.7,34.1
1001-1200,22.9,4.7,51.2,34.3,5.7,2.9,6.4,4.0,64.2,48.5,good,3.8,26.25
1001-1200,24.5,7.2,4.3,26.5,8.7,5.7,15.8,7.8,68.0,53.2,good,6.45,30.5
1001-1200,24.5,7.1,19.8,12.5,53.7,5.8,2.5,27.7,47.0,57.2,good,6.449999999999999,42.45
1001-1200,25.6,8.8,5.5,6.7,27.3,3.5,2.8,93.7,34.7,42.7,good,6.15,68.2
1001-1200,24.2,6.7,4.6,30.6,5.8,6.0,8.0,14.1,44.5,59.9,good,6.35,37.0
1001-1200,22.6,4.2,21.6,28.8,13.8,4.5,14.5,7.7,39.9,45.4,good,4.35,26.55
1001-1200,21.7,2.8,39.7,15.1,49.8,5.3,22.5,20.7,46.7,22.2,good,4.05,21.45
1001-1200,22.3,3.7,3.8,23.0,39.8,6.8,22.3,8.8,52.0,66.2,good,5.25,37.5
1001-1200,26.9,10.8,4.6,7.7,42.0,14.5,4.0,2.6,43.7,42.6,good,12.65,22.6
1001-1200,21.9,3.1,78.9,14.9,14.0,3.7,5.9,40.8,31.0,55.7,good,3.4000000000000004,48.25
1001-1200,22.2,3.6,8.1,29.6,39.4,2.3,10.6,12.6,43.4,52.0,good,2.95,32.3
1001-1200,24.5,7.2,53.0,28.3,13.6,3.2,3.0,6.6,45.0,66.3,good,5.2,36.449999999999996
1001-1200,24.0,6.3,12.3,13.9,59.5,7.3,5.6,5.5,36.5,25.6,good,6.8,15.55
1001-1200,26.0,9.5,8.2,23.9,15.2,4.8,2.0,5.7,42.8,52.1,good,7.15,28.900000000000002
1001-1200,24.3,6.8,4.5,41.5,8.2,1.9,3.4,1.5,31.9,71.9,good,4.35,36.7
1001-1200,29.2,14.3,48.8,11.8,5.6,5.6,2.4,33.5,31.9,62.5,good,9.95,48.0
1001-1200,31.8,18.3,63.0,10.1,2.2,8.7,7.9,32.1,33.0,52.2,good,13.5,42.150000000000006
1001-1200,27.3,11.4,5.6,6.1,56.3,4.2,13.6,1.1,49.6,58.9,good,7.800000000000001,30.0
1001-1200,24.7,7.4,2.7,32.8,8.6,4.2,11.3,1.1,48.2,67.2,good,5.800000000000001,34.15
1001-1200,24.9,7.7,41.1,10.3,28.9,21.5,5.0,15.2,46.5,56.9,good,14.6,36.05
1001-1200,25.1,8.0,11.9,14.6,23.1,7.9,7.1,2.4,42.6,67.5,good,7.95,34.95
1001-1200,24.0,6.4,8.8,28.4,15.0,7.5,21.4,8.3,44.6,66.9,good,6.95,37.6
1001-1200,23.7,5.9,5.2,12.0,8.1,5.4,1.3,95.2,44.0,45.9,good,5.65,70.55
1001-1200,25.5,8.7,3.0,1.9,64.8,6.0,90.0,8.7,13.3,21.2,good,7.35,14.95
1001-1200,22.0,3.3,6.0,19.0,96.7,3.7,3.5,7.2,14.5,15.0,good,3.5,11.1
