Name,Range_km,Efficiency,Weight_kg,Acceleration(0-100),Firth_stop_range_km,Battery_kWh,Fast_charger(kW),Towing_kg,Cargo_volume,Price/Range(km),Price_Euro
BMW iX3 50 xDrive,610,178,2360,4.9,742,108.7,230,2000,578,114,70.9
Tesla Model Y Long Range RWD,490,157,1953,7.2,574,77.0,130,1600,952,100,47.97
Mercedes-Benz CLA 250+,585,145,2055,6.7,746,85.0,208,1500,506,92,55.728
MG MG4 Electric 64 kWh,360,171,1726,7.9,401,61.7,107,500,363,103,39.99
Tesla Model 3 RWD,445,135,1847,6.2,523,60.0,110,1000,682,89,37.97
Tesla Model Y Premium RWD,495,160,1976,5.6,576,79.0,125,1600,971,103,50.97
Volvo EX60 P12 AWD,610,184,2405,3.9,742,112.0,250,2400,575,120,71.99
Kia EV3 Long Range,455,171,1885,7.7,472,78.0,105,1000,485,91,41.39
Tesla Model Y Long Range AWD,455,165,2072,4.8,535,75.0,124,1600,971,122,52.99
Tesla Model Y Long Range AWD,445,169,2054,5.0,524,75.0,124,1600,971,126,55.97
Mercedes-Benz CLA 250,490,145,2055,6.7,660,71.0,150,1500,506,106,52.872
BMW iX xDrive40,360,197,2440,6.1,382,71.0,92,2500,500,225,77.3
Fiat 500e Hatchback 42 kWh,235,159,1365,9.0,260,37.3,65,0,185,128,34.99
Tesla Model Y RWD,375,160,2003,5.9,438,60.0,110,1600,971,128,45.97
CUPRA Born 150 kW - 58 kWh,350,166,1811,7.3,369,58.0,75,0,385,110,39.37
BYD ATTO 2,245,184,1645,7.9,235,45.12,51,750,400,135,31.99
BYD SEALION 7 91.3 kWh AWD Excellence,440,208,2510,4.5,502,91.3,165,1500,578,140,58.99
Tesla Model 3 Long Range RWD,550,136,1822,5.2,655,75.0,124,1000,682,86,44.99
Tesla Model 3 Premium RWD,580,136,1822,5.2,688,79.0,125,1000,682,83,45.97
Tesla Model Y Performance,460,172,2108,3.8,535,79.0,125,1600,971,143,62.97
Kia Niro EV,385,168,1757,7.8,379,64.8,70,750,495,110,45.69
Renault 5 E-Tech 52kWh 150hp,335,155,1504,8.0,352,52.0,75,500,326,91,32.9
Mercedes-Benz GLC 400 4MATIC,500,188,2535,4.3,606,94.0,190,2400,698,142,71.281
Leapmotor T03,225,160,1250,12.7,212,36.0,30,0,210,82,18.9
Leapmotor B10 67.1 kWh,360,181,1920,8.0,403,65.0,110,750,430,93,32.4
Tesla Model Y RWD,380,158,1981,7.2,440,60.0,110,1600,952,113,40.97
Volvo EX30 Single Motor ER,365,178,1850,5.3,402,65.0,101,1600,325,117,44.99
Kia PV5 Passenger 71.2 kWh,315,213,2145,10.6,328,67.0,75,1500,1330,133,42.29
Tesla Model Y Performance,430,174,2072,4.0,506,75.0,124,1600,971,146,60.97
Tesla Model Y Premium AWD,475,166,2072,4.8,556,79.0,125,1600,971,118,53.97
Skoda Elroq 85,450,171,2115,6.6,493,77.0,120,1000,470,96,44.18
Hyundai IONIQ 5 84 kWh RWD,450,178,2060,7.5,554,80.0,196,1600,577,110,51.65
CUPRA Born 170 kW - 77 kWh,450,171,1946,7.0,479,77.0,103,0,385,103,46.45
Kia EV5 81.4 kWh,400,195,2069,8.4,421,78.0,115,1200,610,113,45.99
Zeekr 7X Long Range RWD,500,192,2415,6.0,640,96.0,260,2000,605,116,58.95
Tesla Model 3 Long Range AWD,455,162,1931,4.6,545,73.5,136,1000,542,124,55.48
Audi e-tron 55 quattro,365,237,2565,5.7,384,86.5,147,1800,722,212,81.5
Changan Deepal S05 RWD,385,177,2015,7.5,448,68.0,130,1600,651,105,38.99
Hyundai Kona Electric 65 kWh,390,168,1773,7.8,390,65.4,79,750,493,107,47.19
Tesla Model Y RWD,345,165,1984,6.9,409,57.0,108,1600,971,139,45.97
BYD SEAL 82.5 kWh AWD Excellence,445,185,2260,3.8,472,82.5,100,1500,453,122,52.99
BYD ATTO 3,330,183,1825,7.3,325,60.48,71,0,440,122,37.99
BMW iX3,385,192,2255,6.8,403,74.0,94,750,510,184,67.3
Mercedes-Benz EQS 450+,685,172,2545,6.2,731,118.0,160,750,620,172,109.551
XPENG G6 RWD Long Range,435,184,2190,6.7,559,80.0,290,1500,571,114,47.6
Tesla Model 3 Long Range AWD,485,155,1919,4.4,577,75.0,124,1000,649,112,53.668
Tesla Model 3 RWD,440,136,1836,6.1,520,60.0,110,1000,682,96,40.97
Toyota C-HR+ 77 kWh,430,167,1940,7.3,471,72.0,110,750,416,103,45.99
Mercedes-Benz EQC 400 4MATIC,370,216,2495,5.1,366,80.0,99,1800,500,202,66.069
Mazda 6e 68.8 kWh,420,162,2037,7.6,486,68.0,130,1500,526,107,44.9
Renault Megane E-Tech EV60 220hp,380,158,1711,7.4,404,60.0,80,900,440,117,46.6
Tesla Model 3 Standard Range Plus,320,153,1684,5.6,382,49.0,87,1000,542,149,46.38
Skoda Elroq 60,350,169,1975,8.5,405,59.0,110,1000,470,108,38.68
Skoda Enyaq 85,455,169,2141,6.7,477,77.0,120,1000,585,104,48.9
Renault Scenic E-Tech EV87 220hp,480,181,1917,7.9,481,87.0,95,1100,545,93,47.9
Tesla Model Y Long Range RWD,455,165,1959,5.9,535,75.0,124,1600,971,113,49.97
Fiat Grande Panda,260,168,1511,11.0,271,43.8,62,550,361,95,24.99
Volkswagen e-Golf,190,168,1615,9.6,178,32.0,39,0,341,172,31.9
BMW iX1 xDrive30,380,170,2085,5.6,402,64.7,86,1200,490,148,55.0
Tesla Model Y Premium RWD,470,160,1976,5.6,552,75.0,124,1600,971,112,50.97
BMW i4 eDrive40,515,157,2125,5.7,572,80.7,112,1600,470,122,59.2
Zeekr 7GT Long Range RWD,540,178,2360,5.3,706,96.0,260,1600,521,98,53.95
Tesla Model 3 Standard Range Plus,350,146,1700,5.6,412,51.0,87,1000,649,136,45.56
Kia EV4 Hatchback 81.4 kWh,475,164,1890,7.7,498,78.0,105,1000,435,88,43.24
Tesla Model 3 Performance,490,153,1929,3.4,585,75.0,124,0,682,126,58.47
BYD ATTO 3,340,178,1825,7.3,348,60.48,75,750,440,121,38.99
Volkswagen ID.4 Pro,445,173,2144,6.7,490,77.0,120,1000,543,108,46.335
Renault Zoe ZE50 R110,315,165,1577,11.4,274,52.0,41,0,338,111,36.84
BYD TANG Flagship,460,237,2705,4.9,444,108.8,100,1500,235,149,69.615
Rolls-Royce Spectre,465,219,2965,4.5,494,102.0,126,0,380,828,379.015
Kia EV6 Long Range AWD,440,182,2160,5.2,549,80.0,205,1800,510,128,53.99
BYD SEALION 7 82.5 kWh RWD Comfort,420,196,2300,6.7,440,82.5,115,750,578,121,47.99
Tesla Model S Plaid,560,170,2265,2.4,636,95.0,140,1600,798,212,120.97
Tesla Model 3 Long Range AWD,490,155,1919,4.4,584,76.0,135,1000,649,117,55.26
Tesla Model 3 Performance,470,162,1919,3.6,555,76.0,135,0,649,137,59.56
Mercedes-Benz EQB 250+,415,170,2105,8.9,414,70.5,90,1400,495,133,53.514
Hyundai Kona Electric 64 kWh,390,164,1760,7.9,363,64.0,61,300,332,110,42.9
Skoda Enyaq iV 80,440,175,2075,8.6,468,77.0,124,1000,585,112,48.9
Tesla Model 3 RWD,400,143,1835,6.1,468,57.0,100,1000,649,114,44.668
BYD DOLPHIN SURF 43.2 kWh Comfort,265,163,1465,9.1,275,43.2,60,0,308,107,30.99
Renault Twingo E-Tech 27.5 kWh,185,149,1275,12.1,193,27.5,40,0,360,112,18.9
Hyundai IONIQ 6 84 kWh RWD,545,147,2000,7.4,687,80.0,196,1500,446,101,55.3
Mercedes-Benz CLA Shooting Brake 250+,565,150,2075,6.8,738,85.0,235,1500,556,99,57.096
Hyundai INSTER Long Range,300,153,1410,10.6,311,46.0,70,0,351,89,25.4
Tesla Model 3 Long Range AWD,525,143,1899,4.4,629,75.0,124,1000,682,101,49.99
BMW i3 120 Ah,235,161,1345,7.3,222,37.9,46,0,260,167,39.0
BYD SEAL U 87 kWh Design,425,205,2222,9.6,418,87.0,85,1300,552,107,44.99
Mercedes-Benz GLB 250+,465,183,2200,7.4,573,85.0,208,1500,667,121,59.048
BYD DOLPHIN 60.4 kWh,350,173,1733,7.0,338,60.48,65,0,345,100,32.99
Lucid Air Grand Touring,720,163,2435,3.2,836,117.0,190,0,910,184,130.9
MG ZS EV Long Range,370,185,1695,8.4,352,68.3,81,500,448,105,37.99
Renault 4 E-Tech 52kWh 150hp,315,165,1537,8.2,330,52.0,75,750,420,98,32.4
Hyundai IONIQ Electric,250,153,1602,9.7,230,38.3,32,0,357,146,35.35
BMW iX xDrive50,505,208,2585,4.6,533,105.2,139,2500,500,213,100.1
Tesla Model 3 RWD,420,136,1836,6.1,495,57.0,108,1000,682,101,40.97
BYD SEAL 82.5 kWh RWD Design,480,172,2130,5.9,507,82.5,100,1000,453,104,48.99
Changan Deepal S07 Standard,410,190,2148,7.9,386,77.97,70,1500,635,111,44.99
Mini Cooper SE,180,161,1440,7.3,183,28.9,43,0,211,207,35.7
Tesla Model 3 Performance,515,153,1929,3.4,604,79.0,125,0,682,121,59.47
Kia e-Niro 64 kWh,375,171,1812,7.8,349,64.0,61,300,451,108,42.79
Ford Puma Gen-E,275,159,1563,8.0,312,43.6,85,750,566,124,36.9
Volkswagen ID.3 Pro S,475,166,1957,7.1,536,79.0,135,0,385,88,44.025
MG MG4 Electric 51 kWh,300,169,1710,7.7,304,50.8,64,500,363,111,34.99
Volkswagen ID.4 Pro,445,173,2139,6.7,490,77.0,120,1000,543,99,46.335
BMW iX1 eDrive20,400,163,1940,8.3,429,65.2,95,750,490,122,49.4
Kia EV3 Standard Range,325,169,1800,7.5,341,55.0,80,500,485,114,35.99
Mercedes-Benz CLA 350 4MATIC,575,148,2135,4.9,729,85.0,208,1800,506,108,60.285
BMW i4 eDrive40,525,155,2120,5.6,595,81.3,130,1600,470,123,60.6
MG MGS5 EV 64 kWh,365,170,1755,6.3,387,62.1,90,750,453,106,42.99
Tesla Model Y Long Range RWD,470,160,1976,5.6,552,75.0,124,1600,971,112,50.97
Hyundai Kona Electric 64 kWh,390,164,1760,7.9,363,64.0,61,0,361,110,41.85
Hyundai IONIQ 5 84 kWh AWD,445,180,2165,5.3,546,80.0,196,1600,544,134,59.4
Audi Q4 e-tron 45,420,183,2145,6.7,460,77.0,120,1000,520,129,52.95
Ford Explorer Extended Range RWD,435,177,2090,6.4,452,77.0,120,1000,536,112,48.51
Tesla Model Y Long Range AWD,425,169,2056,5.0,484,72.0,108,1600,971,147,59.965
Audi Q4 e-tron 40,405,189,2125,8.5,430,76.6,124,1000,520,140,51.9
Kia EV6 Long Range 2WD,410,180,1985,7.3,508,74.0,196,1600,532,126,51.99
Volkswagen ID.4 Pro Performance,410,188,2109,8.5,436,77.0,124,1000,543,124,46.335
Renault Scenic E-Tech EV87 220hp,480,181,1917,7.9,481,87.0,95,1100,545,100,48.9
Volvo EX60 P10 AWD,500,182,2350,4.6,620,91.0,215,2400,575,135,65.99
XPENG G9 AWD Performance,465,198,2470,4.2,600,92.2,330,1500,731,160,72.6
Audi A6 Avant e-tron performance,575,165,2260,5.4,688,94.9,186,2100,529,138,77.25
Mini Countryman E,385,168,1940,8.6,407,64.7,86,750,460,104,43.5
Mercedes-Benz EQA 250,395,168,2045,8.6,405,66.5,100,1500,340,129,50.777
XPENG P7+ RWD Long Range,445,164,2175,6.2,588,73.0,260,1500,573,111,49.6
TOGG T10X Long Range RWD,435,195,2248,7.8,466,85.0,115,0,441,92,40.118
Tesla Model S Dual Motor,575,165,2170,3.2,653,95.0,140,1600,798,185,110.97
Nissan Ariya 87kWh,450,193,2121,7.6,435,87.0,80,750,468,104,53.49
BMW iX1 eDrive20,390,166,1940,8.3,413,64.7,86,750,490,129,47.9
BMW i4 M50,450,179,2290,3.9,499,80.7,112,1600,470,170,70.8
Volvo EX60 P6,455,176,2190,5.9,562,80.0,190,2000,575,141,62.99
Volkswagen ID.7 Pro,475,162,2172,6.5,541,77.0,125,1000,532,114,53.995
Nissan LEAF Extended Range 75 kWh,460,163,1956,7.6,489,75.1,103,975,437,88,41.2
BMW iX xDrive60,525,208,2580,4.6,554,109.1,150,2500,500,195,99.9
Lynk&Co 02,355,175,1820,5.5,383,62.0,90,1600,425,99,35.995
Nissan LEAF 40 kWh,235,166,1580,7.9,218,39.0,40,0,435,136,29.99
Volkswagen ID.3 Pure,325,160,1787,8.2,376,52.0,90,0,385,100,33.33
Leapmotor C10 AWD 81.9 kWh,380,216,2264,4.0,405,81.9,120,1500,467,118,44.9
Tesla Model 3 Premium AWD,555,142,1899,4.4,654,79.0,125,1000,682,96,50.97
Hyundai IONIQ 6 Long Range 2WD,495,149,1985,7.4,630,74.0,196,1500,446,107,54.0
Polestar 4 Long Range Single Motor,495,190,2305,7.4,533,94.0,135,1500,541,133,63.2
TOGG T10F Long Range RWD,490,173,2154,7.5,531,85.0,115,0,505,82,40.118
Mercedes-Benz G 580,395,294,3085,4.7,394,116.0,150,0,555,465,142.622
Peugeot e-208,270,171,1530,8.1,292,46.3,74,0,265,119,30.45
Peugeot e-2008 54 kWh,300,169,1623,9.1,327,50.8,79,0,434,129,40.55
Peugeot e-3008 73 kWh,380,192,2183,8.8,397,73.0,90,1250,588,129,48.75
KGM Torres EVX,370,195,1979,8.1,368,72.0,85,1500,839,113,41.99
Suzuki e VITARA 61 kWh 2WD,330,181,1835,8.7,307,59.8,60,750,238,111,36.49
Polestar 2 Long Range Dual Motor,390,192,2188,4.7,412,75.0,97,1500,440,144,54.995
Tesla Model S 75D,380,191,2183,4.4,386,72.5,80,0,804,216,71.019
Volkswagen ID.7 Tourer Pro S,520,165,2235,6.7,589,86.0,145,1000,605,116,59.895
Hyundai IONIQ 6 63 kWh RWD,420,143,1892,8.3,526,60.0,150,750,446,108,45.55
Audi A6 Sportback e-tron performance,600,158,2250,5.4,718,94.9,186,2100,529,129,75.6
Mazda 6e Long Range 80 kWh,480,162,2037,7.8,459,77.97,70,1500,526,97,46.5
CUPRA Tavascan Endurance,445,173,2178,6.8,467,77.0,120,1000,540,120,56.21
MG MG5 Electric Long Range,335,171,1637,7.7,325,57.4,60,500,479,113,38.49
BYD SEAL U 71.8 kWh Comfort,360,199,2095,9.3,352,71.8,72,1300,552,118,41.99
Audi e-tron 50 quattro,280,231,2445,6.8,299,64.7,114,1800,722,240,69.1
Citroen e-C3 Standard Range 44 kWh,255,172,1491,11.5,271,43.8,62,550,310,96,23.3
Polestar 2 Long Range Single Motor,420,179,2069,7.4,443,75.0,97,1500,440,124,50.995
Citroen e-C4,290,160,1636,9.7,315,46.3,74,0,380,125,34.875
Citroen e-C3 Aircross Extended Range 54 kWh,290,184,1607,13.0,298,53.5,70,550,460,101,30.69
Jeep Avenger Electric,310,164,1595,9.0,330,50.8,79,0,355,122,38.5
Fiat 600e,310,164,1595,9.0,336,50.8,79,0,360,103,36.49
Ford Explorer Extended Range RWD,450,176,2090,6.4,500,79.0,135,1200,532,103,48.9
BMW i4 eDrive35,430,156,2075,6.0,486,67.1,95,1600,470,137,57.5
Tesla Model 3 Long Range AWD,465,155,1919,4.4,534,72.0,108,1000,649,121,53.56
BYD HAN,475,180,2325,3.9,473,85.4,85,0,410,146,69.02
Peugeot e-5008 73 kWh,370,197,2260,9.7,388,73.0,90,1000,348,140,51.25
Tesla Model S 100D,485,196,2290,4.3,486,95.0,100,0,895,223,108.42
Polestar 5 Dual Motor,580,183,2462,3.9,698,106.0,210,1800,427,197,118.6
BMW i4 eDrive40,515,158,2125,5.6,587,81.3,130,1600,470,124,60.5
XPENG G6 AWD Performance,425,188,2295,4.1,548,80.0,290,1500,571,128,51.6
Hyundai IONIQ 5 Long Range AWD,385,192,2120,5.1,479,74.0,196,1600,551,154,59.2
CUPRA Born 170 kW - 79 kWh,470,168,1977,7.1,526,79.0,135,0,385,92,47.35
Volkswagen ID.3 1st,350,166,1794,7.3,369,58.0,75,0,385,113,38.987
BYD SEAL 61.4 kWh RWD Comfort,365,168,2045,7.5,384,61.4,75,750,453,121,46.99
Tesla Model 3 Performance,460,163,1919,3.6,543,75.0,124,0,649,130,57.668
BMW i7 xDrive60,510,199,2715,4.7,560,101.7,149,2000,500,272,139.9
Hyundai IONIQ 5 N,390,205,2225,3.4,476,80.0,196,0,480,191,74.9
Volkswagen ID. Buzz Pro,345,223,2459,10.2,368,77.0,115,1000,1121,183,64.581
Toyota bZ4X FWD,350,183,1970,7.5,373,64.0,85,750,452,125,42.9
Tesla Model Y RWD,345,165,1992,6.9,429,57.0,140,1600,971,139,45.97
Renault Zoe ZE50 R135,310,168,1577,9.5,271,52.0,41,0,338,117,37.84
Skoda Enyaq iV 60,340,171,1965,8.7,355,58.0,75,1000,585,129,42.1
Mercedes-Benz CLA 200,400,145,2045,7.5,493,58.0,125,1500,506,122,49.421
Mercedes-Benz EQA 250+,420,168,2050,8.6,414,70.5,90,1500,340,126,52.205
Hyundai IONIQ 6 Standard Range 2WD,335,149,1850,8.8,418,50.0,120,750,446,134,43.9
BYD DOLPHIN 60.4 kWh,350,173,1733,7.0,354,60.48,75,0,345,101,34.64
Audi Q6 SUV e-tron quattro,480,198,2400,5.9,558,94.9,186,2400,590,161,74.7
Tesla Model 3 Long Range RWD,580,136,1822,5.2,688,79.0,125,1000,682,83,45.97
Volkswagen ID.3 Pro,365,162,1815,7.6,422,59.0,110,0,385,104,36.425
XPENG G6 RWD Long Range,480,182,2100,6.7,574,87.5,180,1500,571,104,47.6
Mini Cooper SE,330,149,1680,6.7,356,49.2,75,0,200,117,36.9
Kia EV9 99.8 kWh AWD,435,221,2625,6.0,485,96.0,196,2500,385,162,68.99
Hyundai IONIQ 9 Long Range AWD,495,214,2653,6.7,567,106.0,195,2500,390,160,81.5
Porsche Cayenne Electric,520,208,2600,4.8,668,108.0,290,3000,871,199,105.2
Volvo ES90 Single Motor,485,181,2410,6.6,584,88.0,170,1600,468,152,71.99
Mini Countryman E,400,163,1940,8.6,421,65.2,86,750,460,94,38.12
Mercedes-Benz EQV 300 Long,320,281,2625,12.1,297,90.0,96,0,1030,267,62.01
Tesla Model 3 Standard Range Plus,350,150,1825,5.6,412,52.5,95,1000,649,136,45.56
Smart #5 Brabus,460,209,2453,3.8,570,96.0,230,1600,677,133,60.9
BYD ATTO 2 64.8 kWh,305,190,1795,7.9,340,58.0,100,750,450,130,41.99
BYD DOLPHIN SURF 43.2 kWh Boost,270,160,1445,12.1,283,43.2,60,0,308,95,26.99
Kia EV4 Fastback 81.4 kWh,495,158,1900,7.7,518,78.0,105,1000,490,92,47.14
Ford Explorer Standard Range RWD,335,173,1996,8.0,353,58.0,85,1000,532,118,39.9
Hyundai IONIQ Electric,190,147,1495,9.9,225,28.0,65,0,350,173,33.3
Volkswagen ID.3 Pro,350,166,1815,7.3,378,58.0,82,0,385,125,39.995
Tesla Model X 100D,435,218,2533,4.9,434,95.0,100,2250,0,259,115.0
Hyundai IONIQ 5 63 kWh RWD,345,174,1955,8.5,423,60.0,150,750,577,128,43.9
Renault Megane E-Tech EV60 220hp,380,158,1719,7.4,404,60.0,80,900,440,101,40.99
Toyota bZ4X AWD 73.1 kWh,375,184,2095,5.1,413,69.0,110,1500,452,142,50.99
Opel Frontera Electric 54 kWh,290,184,1610,13.0,298,53.5,70,550,460,108,31.19
BMW i5 eDrive40 Sedan,470,173,2205,6.0,525,81.2,123,1500,490,166,70.2
Skoda Elroq 50,310,168,1946,9.0,351,52.0,90,1000,470,111,33.9
Zeekr 7X Privilege AWD,485,198,2535,3.8,625,96.0,260,2000,581,134,65.95
Skoda Enyaq 85,450,171,2137,6.7,467,77.0,120,1000,585,112,48.9
MG ZS EV,220,193,1566,8.2,220,42.5,50,0,448,141,31.99
Peugeot e-3008 97 kWh Long Range,500,194,2241,8.7,512,96.9,135,1200,588,106,52.85
Ford Mustang Mach-E ER RWD,480,190,2161,5.9,489,91.0,115,1500,619,120,58.5
MG Marvel R,365,192,1885,7.9,344,70.0,81,750,507,125,46.99
Dacia Spring Electric 70,165,145,1070,12.3,166,24.0,35,0,342,108,16.9
Audi Q8 SUV e-tron 55 quattro,505,210,2585,5.6,515,106.0,145,1800,631,171,87.3
Hyundai IONIQ 5 Long Range 2WD,370,189,1985,7.4,458,70.0,179,1600,588,130,45.9
XPENG G9 RWD Long Range,480,192,2365,6.4,619,92.2,330,1500,731,135,63.6
Toyota bZ4X AWD,345,186,2070,6.9,366,64.0,85,750,452,154,50.49
Changan Deepal S05 4WD Max,365,186,2115,5.5,428,68.0,130,1600,651,124,44.99
Zeekr 7GT Privilege AWD,515,186,2480,3.3,671,96.0,260,1600,488,115,60.45
Tesla Model X Plaid,465,204,2539,2.9,516,95.0,140,2250,608,280,125.97
BMW iX xDrive45,470,202,2525,5.1,490,94.8,115,2500,500,182,83.5
Smart EQ fortwo coupe,100,167,1095,11.6,71,16.7,0,0,260,241,21.94
Kia EV6 Long Range 2WD,455,176,2050,7.3,565,80.0,205,1800,542,111,49.99
Polestar 5 Performance,530,200,2465,3.2,637,106.0,210,1800,427,256,141.6
Citroen e-C3 Urban Range 30 kWh,175,170,1413,11.6,156,29.8,30,0,310,119,19.99
Zeekr 001 Performance AWD,480,196,2410,3.8,524,94.0,135,2000,569,140,66.95
BYD SEALION 7 82.5 kWh AWD Design,405,204,2415,4.5,431,82.5,115,1500,578,138,53.99
Leapmotor C10 RWD 81.9 kWh,410,200,2130,6.6,439,81.9,120,1500,467,103,41.9
Tesla Model S AWD,590,161,2167,3.2,667,95.0,140,1600,798,188,110.97
Volkswagen e-Up!,205,158,1248,11.9,188,32.3,29,0,250,136,29.995
Citroen e-C4,285,162,1646,9.9,308,46.3,74,0,380,114,31.9
Toyota C-HR+ 57.7 kWh,330,164,1845,8.3,369,54.0,85,0,416,121,41.99
Opel Corsa-e,295,157,1530,8.1,318,46.3,74,0,267,127,36.395
Tesla Model S Plaid,565,168,2272,2.4,639,95.0,140,0,798,214,120.97
Tesla Model 3 Performance,440,167,1931,3.7,528,73.5,136,0,542,145,61.48
XPENG P7 RWD Long Range,495,167,2095,6.7,552,82.7,135,0,440,102,49.6
Polestar 4 Long Range Dual Motor,485,194,2430,3.8,524,94.0,135,2000,541,152,71.2
Volkswagen ID. Buzz LWB Pro,390,221,2628,7.9,432,86.0,145,1000,1340,159,62.719
Mazda MX-30,170,176,1720,9.7,167,30.0,30,0,366,212,35.99
Tesla Model S P100D,475,200,2316,2.7,477,95.0,100,0,895,311,145.42
Tesla Model S 85D,420,192,2184,4.4,423,80.75,95,0,895,225,92.8
Peugeot e-208,285,162,1530,9.0,308,46.3,74,0,265,129,39.1
Tesla Model S 90D,455,188,2223,4.4,449,85.5,90,0,895,230,103.32
Mini Cooper E,250,146,1615,7.3,267,36.6,60,0,200,138,32.9
Tesla Model 3 Long Range AWD,555,142,1899,4.4,654,79.0,125,1000,682,96,50.97
Audi e-tron GT quattro,415,202,2350,4.1,512,83.7,200,0,490,256,106.05
Volkswagen ID.7 Pro S,525,164,2226,6.6,600,86.0,145,1000,532,113,59.095
Dacia Spring Electric 45,165,152,1009,19.1,151,25.0,29,0,343,107,16.9
Toyota Urban Cruiser 48.8 kWh,270,177,1775,9.6,248,47.8,45,750,244,123,31.99
Volkswagen ID.3 Pro,350,166,1812,9.6,372,58.0,75,0,385,104,35.46
XPENG G6 RWD Standard Range,380,178,2140,6.9,488,67.8,240,1500,571,117,43.6
Dacia Spring Electric 100,160,150,1111,9.6,160,24.0,35,0,342,123,18.7
Tesla Model S Long Range Plus,555,177,2255,3.8,620,98.0,125,0,894,156,81.99
Hyundai IONIQ 5 Standard Range 2WD,295,183,1905,8.5,367,54.0,140,750,588,162,43.9
Lucid Gravity Grand Touring,615,200,2759,3.6,729,123.0,210,2500,1663,193,116.9
Opel Mokka-e 50 kWh,260,178,1598,9.2,283,46.3,74,0,310,154,40.65
Zeekr 001 Long Range RWD,505,186,2275,7.2,547,94.0,135,1500,599,116,60.95
Hyundai IONIQ 5 Long Range 2WD,390,190,2010,7.3,487,74.0,196,1600,584,132,47.9
Renault Twingo Electric,135,158,1186,12.6,92,21.3,0,0,174,193,28.0
Volvo EX30 Single Motor,275,178,1840,5.7,306,49.0,80,1000,325,137,39.79
Polestar 2 Long Range Single Motor,475,166,2084,6.2,527,79.0,110,1500,448,113,52.69
Leapmotor B10 56.2 kWh,305,180,1855,8.0,350,55.0,100,750,430,95,29.9
MG ZS EV Standard Range,265,185,1645,8.6,257,49.0,50,500,448,133,33.99
Volvo EX30 Twin Motor Performance,340,191,1960,3.6,376,65.0,101,1600,325,145,51.69
Volvo EX40 Single Motor ER,400,198,2075,7.3,436,79.0,110,1500,441,133,55.49
Lucid Air Sapphire,610,193,2495,2.0,693,118.0,190,0,910,414,250.0
Hyundai Kona Electric 39 kWh,245,160,1610,9.9,223,39.2,37,0,332,149,36.4
Hyundai INSTER Standard Range,255,153,1380,11.7,266,39.0,60,0,280,98,23.9
Opel Astra Electric,315,161,1736,9.2,343,50.8,79,0,352,125,41.99
Mercedes-Benz EQE 350+,555,173,2415,6.5,597,96.0,141,750,430,136,71.412
BYD DOLPHIN SURF 30 kWh Active,190,158,1369,11.1,199,30.0,45,0,308,118,22.99
Nissan LEAF e+ 62 kWh,345,171,1756,7.3,297,59.0,44,0,420,112,37.55
Renault 5 E-Tech 40kWh 95hp,260,154,1428,12.0,188,40.0,0,500,326,94,24.9
Tesla Model X Dual Motor,485,196,2415,3.9,539,95.0,140,2300,608,242,115.97
Smart #1 Pro+,335,185,1863,6.7,357,62.0,90,1600,338,124,42.49
BMW i4 eDrive35,430,156,2065,6.0,487,67.0,95,1600,470,134,56.5
Opel Corsa-e,285,162,1530,8.1,308,46.3,74,0,267,107,29.9
Smart #5 Premium,475,202,2335,6.5,587,96.0,230,1600,702,118,55.4
Hyundai IONIQ 6 84 kWh AWD,520,154,2105,5.1,661,80.0,196,1500,416,118,61.55
Peugeot e-5008 97 kWh Long Range,485,200,2316,9.6,496,96.9,135,1000,348,115,55.35
Subaru Solterra AWD,320,200,2085,6.9,337,64.0,85,750,441,175,57.49
Honda e:Ny1,335,185,1730,7.6,318,61.9,60,0,361,130,38.99
Honda e,170,168,1588,9.0,168,28.5,31,0,171,215,33.85
Nissan LEAF 40 kWh,235,166,1580,7.9,218,39.0,40,0,435,134,35.9
Renault 5 E-Tech 40kWh 120hp,260,154,1447,9.0,269,40.0,55,500,326,103,27.9
Hyundai IONIQ 6 Long Range AWD,440,168,2095,5.1,569,74.0,208,1500,416,135,61.1
CUPRA Tavascan VZ,425,181,2273,5.5,446,77.0,120,1200,540,144,60.78
Opel Frontera Electric 44 kWh,240,183,1573,12.1,254,43.8,62,350,460,118,28.99
Zeekr 7GT Core RWD,410,176,2340,5.3,542,72.0,240,1600,521,117,48.95
Volkswagen ID.3 GTX,470,168,1985,5.9,526,79.0,135,0,385,106,47.225
MG Cyberster GT,395,188,2060,3.2,409,74.4,85,0,249,177,69.99
Mercedes-Benz GLB 350 4MATIC,460,185,2280,5.5,571,85.0,208,2000,667,141,62.178
BYD TANG,355,243,2705,4.6,342,86.4,108,1500,235,199,71.4
BMW i4 M60 xDrive,465,175,2285,3.7,523,81.3,130,1600,470,167,72.9
Opel Ampera-e,335,173,1691,7.3,286,58.0,37,0,381,115,42.99
Lexus RZ 450e,350,183,2130,5.6,373,64.0,85,750,522,183,67.89
Tesla Model X Long Range,440,216,2505,4.6,463,95.0,110,2250,0,206,85.99
Polestar 2,390,192,2198,4.7,412,75.0,97,1500,440,150,57.9
Volvo EX90 Twin Motor,505,212,2754,5.9,546,107.0,150,2200,703,187,91.7
Peugeot e-208 54 kWh,335,152,1530,8.2,362,50.8,79,0,309,105,37.525
Renault Kangoo E-Tech Electric,225,200,1870,12.6,221,45.0,50,1500,950,159,35.85
CUPRA Born 170 kW - 59 kWh,360,164,1841,6.7,416,59.0,110,0,385,107,41.45
Lexus RZ 500e,395,182,2100,4.6,431,72.0,110,1500,522,166,63.0
Toyota C-HR+ 77 kWh AWD,385,187,2080,5.2,417,72.0,110,1500,416,136,53.99
Dacia Spring Electric 45,165,152,1012,19.1,151,25.0,29,0,300,134,22.55
Nissan e-NV200 Evalia,170,218,1667,14.0,157,37.0,40,0,2000,248,43.73
Ford Capri Extended Range RWD,470,168,2098,6.4,526,79.0,135,1000,572,103,51.4
Skoda Enyaq iV 80x,425,181,2193,6.9,458,77.0,103,1200,585,126,49.05
Lexus RZ 350e,400,180,2005,7.5,433,72.0,110,750,522,144,57.1
MG MG4 Electric 77 kWh,425,175,1826,6.5,454,74.4,110,500,363,103,45.99
BMW i4 M50,450,181,2290,3.9,514,81.3,130,1600,470,173,72.1
Kia e-Niro 64 kWh,375,171,1812,7.8,349,64.0,61,0,451,108,38.105
Citroen C5 Aircross Comfort Range,375,197,2184,8.9,389,73.7,90,1250,565,104,42.59
Tesla Model S Performance,535,183,2307,2.8,595,98.0,125,0,894,194,98.99
Volvo XC40 Recharge Single Motor ER,400,198,2075,7.3,436,79.0,110,1500,441,131,53.0
XPENG G9 RWD Long Range,480,194,2285,6.4,585,93.1,212,1500,731,132,63.6
Mercedes-Benz EQS 450+,635,170,2480,6.2,702,107.8,169,750,610,179,109.551
Peugeot e-208 51 kWh,315,153,1530,8.2,338,48.1,76,0,309,124,40.875
Toyota Urban Cruiser 61.1 kWh AWD,310,193,1935,7.4,286,59.8,60,750,238,136,44.28
Audi Q4 e-tron 40,325,182,2035,8.1,378,59.0,110,1000,520,148,46.15
Kia EV6 Long Range AWD,400,185,2090,5.2,500,74.0,196,1600,500,146,55.98
Audi Q4 e-tron 50 quattro,385,199,2210,6.2,409,76.6,103,1200,520,168,57.9
Nissan LEAF e+ 62 kWh,340,174,1756,6.9,291,59.0,44,0,420,121,41.1
NIO ET5 Long Range,500,180,2235,4.0,494,90.0,100,1400,386,140,68.5
Mercedes-Benz EQS 450 4MATIC,655,180,2655,5.7,704,118.0,160,1700,620,185,113.359
Volkswagen ID.3 Pro,350,166,1805,9.6,372,58.0,75,0,385,100,34.995
Porsche Taycan Turbo GT,475,204,2365,2.3,610,97.0,267,0,410,496,240.0
Volkswagen ID. Buzz LWB GTX,380,226,2758,6.5,425,86.0,145,1600,1340,196,74.928
Leapmotor C10 RWD 69.9 kWh,355,197,2055,7.5,329,69.9,70,1500,467,107,37.6
Mitsubishi Eclipse Cross 87 kWh,480,181,1901,7.9,479,87.0,95,1100,545,98,47.99
Volkswagen ID. Buzz NWB Pro,370,214,2492,7.6,405,79.0,135,1200,1121,165,60.892
Tesla Model Y Long Range AWD Launch Series,455,165,2072,4.3,535,75.0,124,1600,971,142,61.97
BMW i4 eDrive35,435,154,2070,6.0,493,67.1,95,1600,470,136,57.6
GWM ORA 03 48 kWh,260,175,1615,8.3,247,45.4,45,0,228,123,26.99
Nissan Micra Extended Range 52 kWh,330,158,1527,8.0,345,52.0,75,500,326,98,32.99
Porsche Taycan,410,173,2125,5.4,510,71.0,171,0,491,218,88.399
Mercedes-Benz EQA 250,360,185,2040,8.9,368,66.5,99,750,340,144,47.541
Opel Mokka Electric,285,178,1615,9.0,306,50.8,79,0,310,124,36.74
Polestar 2 Long Range Single Motor,470,168,2084,6.2,525,79.0,110,1500,446,112,49.975
Porsche Taycan,495,166,2165,4.8,622,82.3,195,0,491,207,101.5
Volkswagen ID.3 Pro S,465,166,1957,7.1,511,77.0,120,0,385,92,47.595
Tesla Model S Long Range,530,179,2255,3.8,561,95.0,110,0,894,155,79.99
Mercedes-Benz EQE 350+,555,173,2415,6.1,597,96.0,141,750,430,132,71.412
Volvo EX90 Twin Motor Performance,485,221,2762,4.9,523,107.0,150,2200,703,213,96.8
XPENG P7+ AWD Performance,425,172,2275,4.3,563,73.0,260,1500,573,127,53.6
Volkswagen ID.4 GTX,420,183,2256,5.4,460,77.0,120,1200,543,139,53.255
Opel Corsa Electric 54 kWh,335,152,1544,8.1,359,50.8,79,0,267,93,31.49
Porsche Taycan 4S,395,180,2215,4.0,500,71.0,171,0,491,272,108.867
Hyundai IONIQ 9 Long Range RWD,505,210,2549,9.4,575,106.0,195,1600,426,139,68.5
Volkswagen ID.7 Tourer GTX,500,172,2336,5.5,566,86.0,145,1800,605,132,64.065
Ford Explorer Extended Range AWD,440,180,2167,5.3,493,79.0,135,1200,536,127,52.43
Mini Cooper SE,180,161,1440,7.3,183,28.9,43,0,211,179,32.5
Volkswagen ID.4 1st,410,188,2124,8.5,436,77.0,124,1000,543,116,48.691
Maxus MIFA 9,360,233,2485,9.2,340,84.0,103,1000,521,200,68.99
Kia EV9 99.8 kWh AWD GT-Line,425,226,2648,5.3,471,96.0,196,2500,385,193,82.38
Audi Q6 SUV e-tron performance,490,194,2275,6.6,568,94.9,186,2000,590,145,68.8
Tesla Model S 85,405,199,2175,5.6,408,80.75,95,0,895,220,87.4
Volkswagen ID.4 Pure,285,182,1978,9.0,318,52.0,87,1000,543,141,40.335
Mercedes-Benz EQS SUV 450 4MATIC,530,223,2840,6.1,543,118.0,160,1800,645,247,114.609
XPENG G6 RWD Standard Range,365,179,2100,6.9,439,65.34,140,1500,571,123,43.6
Volvo EX90 Twin Motor,480,213,2725,5.5,567,102.0,200,2200,703,204,96.19
Hyundai Kona Electric 64.8 kWh,385,168,1790,8.1,379,64.8,70,750,493,106,41.34
Skoda Enyaq 60,360,164,1998,8.1,416,59.0,110,1000,585,121,44.4
Volkswagen ID.7 Pro S,525,164,2226,6.6,600,86.0,145,1000,532,114,58.985
Alpine A290 Electric 220 hp,305,170,1554,6.4,320,52.0,75,500,326,132,41.9
Volvo EX60 Cross Country P10 AWD,490,186,2370,4.7,603,91.0,215,2400,575,143,68.99
Kia EV9 99.8 kWh RWD,450,213,2501,9.4,502,96.0,196,900,423,155,64.99
Opel Grandland Electric 73 kWh,370,197,2207,9.0,388,73.0,90,1200,550,120,46.95
Volkswagen ID.4 GTX,435,182,2248,5.4,485,79.0,135,1800,543,129,53.255
Mercedes-Benz EQB 300 4MATIC,345,193,2165,8.0,357,66.5,100,1700,495,174,55.519
Volvo XC40 P8 AWD Recharge,335,224,2188,4.9,342,75.0,97,1500,450,173,60.437
Smart #3 Brabus,350,177,1985,3.7,365,62.0,90,1600,385,145,50.99
Tesla Model X P100D,420,226,2572,3.1,413,95.0,100,2250,0,374,156.9
Jaguar I-Pace EV400,380,223,2208,4.8,360,84.7,83,750,505,205,77.3
Nissan Ariya 63kWh,335,188,1980,7.5,340,63.0,70,750,468,124,43.49
Jeep Compass Electric 74 kWh,370,199,2185,8.5,387,73.7,90,1000,550,124,50.4
Skoda Elroq 85x,445,173,2141,6.6,493,77.0,120,1800,470,104,46.45
Skoda Enyaq Coupe 85,470,164,2140,6.7,493,77.0,120,1000,570,107,51.15
Mercedes-Benz EQE 300,525,170,2375,6.9,570,89.0,120,750,430,128,67.187
Volkswagen ID.4 Pure,285,182,1966,10.9,301,52.0,70,1000,543,146,36.95
Porsche Macan 4 Electric,470,202,2405,5.2,553,94.9,186,2000,624,180,84.1
Peugeot e-2008,270,171,1623,8.5,292,46.3,74,0,434,146,37.9
Alfa Romeo Junior Elettrica 54 kWh,320,159,1620,9.0,343,50.8,79,0,400,122,39.5
Kia EV6 GT,395,203,2220,3.5,488,80.0,205,1800,500,175,69.99
Ford Capri Standard Range RWD,350,166,2001,8.0,377,58.0,85,1000,572,119,42.4
Volkswagen ID.3 Pro Performance,350,166,1812,7.3,369,58.0,75,0,385,129,43.995
Tesla Model X Plaid,475,200,2515,2.9,531,95.0,140,2250,608,265,125.97
Aiways U5,315,190,1795,7.5,313,60.0,75,0,432,121,35.993
Mercedes-Benz EQA 350 4MATIC,350,190,2110,6.0,359,66.5,100,1800,340,178,56.424
Audi e-tron GT quattro,540,180,2355,4.0,700,97.0,267,0,482,192,108.9
Volkswagen ID.4 Pure,285,182,1975,9.0,318,52.0,87,1000,543,142,40.335
Smart ForTwo Electric Drive,100,167,1085,11.5,71,16.7,0,0,260,215,21.94
Kia EV6 GT,360,206,2200,3.5,444,74.0,196,1800,500,198,72.99
Volvo ES90 Twin Motor,535,191,2610,5.5,642,102.0,200,2000,468,168,88.99
Suzuki e VITARA 61 kWh 4WD AllGrip,310,193,1935,7.4,286,59.8,60,750,238,126,39.49
BMW i3 60 Ah,115,163,1270,7.2,132,18.8,40,0,260,297,34.95
DS Automobiles N°8 FWD Long Range,545,178,2255,7.8,566,97.2,135,1200,620,115,63.2
Toyota bZ4X FWD 73.1 kWh,385,179,2000,7.4,423,69.0,110,750,452,128,47.99
Nissan LEAF Standard Range 52 kWh,330,160,1864,8.6,349,52.9,71,975,437,108,35.95
Volkswagen ID.7 Tourer Pro,470,164,2191,6.6,535,77.0,125,1000,605,117,54.795
VinFast VF 6 Eco,315,189,2050,10.3,322,59.6,90,0,0,113,34.99
Citroen e-Berlingo M 50 kWh,205,226,1739,11.7,219,46.3,74,750,571,190,37.79
Skoda Enyaq 85x,455,169,2186,6.7,501,77.0,120,1800,585,113,51.5
BMW iX1 xDrive30,390,167,2085,5.6,419,65.2,95,1200,490,148,56.6
Mercedes-Benz B 250e,150,187,1725,7.9,106,28.0,0,0,501,256,39.151
Hyundai IONIQ 5 Long Range AWD,365,192,2095,5.2,451,70.0,179,1600,555,143,49.9
Audi A6 Avant e-tron quattro,560,169,2370,4.5,666,94.9,186,2100,529,150,81.45
Porsche Macan Electric,495,192,2295,5.7,578,94.9,186,2000,624,165,80.7
Mercedes-Benz CLA Shooting Brake 350 4MATIC,555,153,2155,5.0,704,85.0,208,1800,556,116,61.653
Polestar 3 Long Range Dual motor,515,208,2654,5.0,555,107.0,150,2200,516,168,85.59
BMW iX3,385,192,2260,6.8,403,74.0,94,750,510,175,67.3
BMW i3s 120 Ah,230,165,1365,6.9,214,37.9,46,0,260,183,42.6
Opel Astra Sports Tourer Electric,310,164,1760,9.3,336,50.8,79,0,516,132,43.49
Toyota Proace Verso L 75 kWh,265,260,2240,13.3,252,69.0,77,1000,989,219,58.195
KGM Musso EV 4WD,360,224,2385,8.0,351,80.6,100,1800,907,131,45.99
Nissan LEAF 30 kWh,170,165,1538,11.5,173,28.0,45,0,370,191,33.96
Citroen e-C4 X,285,162,1659,9.7,315,46.3,74,0,510,129,35.275
Mazda MX-30,170,176,1720,9.7,159,30.0,34,0,366,198,34.49
XPENG G6 AWD Performance,475,184,2195,4.1,565,87.5,180,1500,571,111,51.6
Cadillac LYRIQ 600 E4,460,222,2774,5.3,492,102.0,165,1587,793,180,83.0
Volkswagen ID.7 Tourer Pro,470,164,2191,6.6,535,77.0,125,1000,605,117,54.905
Renault 4 E-Tech 40kWh 120hp,245,163,1485,9.2,253,40.0,55,750,420,112,29.4
Hyundai IONIQ 9 Performance AWD,485,219,2685,5.2,550,106.0,195,2500,390,177,86.75
Volkswagen e-Up!,205,158,1235,11.9,188,32.3,29,0,250,118,21.421
Mini Countryman SE ALL4,365,177,2075,5.6,384,64.7,86,1200,460,125,49.5
Volvo EX40 Single Motor ER,400,198,2075,7.3,436,79.0,110,1500,441,135,55.49
Kia EV6 Standard Range 2WD,345,174,1955,8.7,425,60.0,150,750,542,131,44.99
BMW iX2 eDrive20,395,164,1960,8.6,422,64.7,86,750,525,135,49.4
NIO EL8 Long Range,440,205,2633,4.1,524,90.0,190,2000,265,232,103.9
Jaguar I-Pace EV400,380,223,2208,4.8,360,84.7,83,750,505,207,76.815
XPENG P7 AWD Performance,460,180,2215,4.1,519,82.7,135,0,440,130,58.6
Mercedes-Benz EQB 300 4MATIC,340,196,2175,8.0,350,66.5,99,0,495,181,55.519
BMW iX M60,485,217,2659,3.8,510,105.2,139,2500,500,285,136.1
MG MG4 Electric XPOWER,320,193,1878,3.8,357,61.7,107,500,363,139,46.99
Jaguar I-Pace EV400,380,223,2226,4.8,354,84.7,83,750,532,235,92.4
Audi A6 Sportback e-tron,485,156,2175,6.0,587,75.8,150,2100,529,137,62.8
Dacia Spring Electric,160,156,1020,19.1,151,25.0,29,0,300,120,20.49
XPENG G9 AWD Performance,465,200,2415,3.9,570,93.1,212,1500,731,156,71.6
Mini Cooper JCW,290,170,1730,5.9,308,49.2,75,0,200,156,40.65
BMW i5 eDrive40 Sedan,480,169,2195,6.0,536,81.2,123,1500,490,157,70.2
Ford e-Tourneo Courier,200,218,1724,11.0,216,43.6,80,750,0,176,35.999
Porsche Cayenne Turbo Electric,495,218,2720,2.5,636,108.0,290,3000,837,328,165.5
Porsche Taycan 4 Cross Turismo,510,190,2355,4.7,655,97.0,267,0,530,225,113.1
NIO ET5 Touring Long Range,485,186,2285,4.0,527,90.0,135,1400,450,146,68.5
Skoda Elroq RS,455,174,2190,5.4,510,79.0,135,1800,470,117,53.05
Porsche Taycan 4S,490,168,2245,3.7,611,82.3,195,0,491,244,120.9
Polestar 3 Long Range Single motor,530,202,2478,7.8,571,107.0,150,1500,516,150,78.59
Mercedes-Benz EQA 250,395,168,2040,8.6,405,66.5,99,750,340,137,50.777
Mercedes-Benz EQE SUV 350+,475,202,2490,6.9,503,96.0,141,750,520,186,86.811
Ford Capri Extended Range AWD,455,174,2175,5.3,517,79.0,135,1200,572,128,54.831
TOGG T10X Standard Range RWD,265,189,2099,7.4,323,50.0,70,0,441,129,34.295
Opel Corsa Electric 50 kWh,290,160,1544,8.7,315,46.3,74,0,267,102,29.99
Tesla Model X AWD,490,194,2423,3.9,544,95.0,140,2300,608,237,115.97
Ford Explorer Extended Range AWD,430,179,2167,5.3,471,77.0,120,1800,532,118,52.9
Volkswagen e-Golf,125,164,1585,10.4,133,20.5,41,0,380,270,34.9
Smart #1 Brabus,325,191,1975,3.9,350,62.0,90,1600,328,152,48.99
Kia Soul EV,170,176,1580,11.2,172,30.0,40,0,281,190,29.49
Mercedes-Benz EQS 500 4MATIC,640,184,2655,4.9,682,118.0,160,1700,620,212,125.378
Volkswagen ID.5 Pro,455,169,2131,6.7,508,77.0,120,1000,549,115,51.27
Nissan LEAF 24 kWh,135,163,1505,11.5,143,22.0,34,0,370,213,29.69
Tesla Model X Performance,470,209,2552,3.1,516,98.0,125,2250,0,240,107.99
Volvo XC40 Recharge Pure Electric,305,220,2030,7.4,325,67.0,113,1500,450,164,48.65
Volvo XC40 Recharge Twin Motor,385,205,2170,4.8,414,79.0,110,1800,441,155,59.95
Hyundai Kona Electric 48 kWh,295,164,1690,8.8,288,48.4,50,300,493,135,41.99
Porsche Macan Electric,495,192,2295,5.7,578,94.9,186,2000,624,166,81.2
NIO ET5 Standard Range,410,179,2215,4.0,447,73.5,110,1400,386,149,59.5
Tesla Model X 75D,335,216,2427,5.2,336,72.5,80,2250,0,283,93.5
Lexus UX 300e,235,191,1860,7.5,199,45.0,32,0,316,198,47.55
Mercedes-Benz EQS SUV 580 4MATIC,530,223,2845,4.7,543,118.0,160,1800,645,303,147.923
Nissan Townstar EV Passenger,225,200,1872,12.6,221,45.0,50,1500,819,178,39.99
Renault Scenic E-Tech EV60 170hp,340,176,1822,8.6,357,60.0,80,1100,545,124,41.4
Opel Grandland Electric 97 kWh,490,198,2255,8.8,498,96.9,135,1150,550,104,51.75
Volvo XC40 Recharge Pure Electric,330,203,2023,7.4,355,67.0,113,1500,450,146,45.08
Ford Explorer Standard Range RWD,305,170,1908,8.7,338,52.0,85,1000,536,141,42.5
Polestar 2 Long Range Single Motor,475,166,2084,6.2,527,79.0,110,1500,448,112,52.69
Lucid Air Grand Touring,665,168,2435,3.0,757,112.0,174,0,910,196,129.0
Mini Aceman SE,290,170,1785,7.1,308,49.2,75,750,300,141,39.55
Ford Mustang Mach-E GT,425,214,2343,3.8,433,91.0,115,750,619,175,77.3
Audi Q6 SUV e-tron,395,192,2200,7.0,459,75.8,150,2000,590,167,63.5
Polestar 2 Long Range Dual Motor,455,174,2183,4.5,509,79.0,110,1500,448,127,56.99
Volvo C40 Recharge Twin Motor,400,198,2185,4.7,438,79.0,110,1800,450,154,61.4
Smart #3 Premium,355,175,1885,5.8,380,62.0,90,1600,385,128,46.49
Mercedes-Benz EQE 350+,525,173,2355,6.4,571,90.6,136,750,430,153,70.626
Volkswagen ID.5 Pro,460,167,2130,6.7,508,77.0,120,1000,549,117,48.97
Dacia Spring Electric 65,160,156,1032,13.7,149,25.0,29,0,343,119,18.9
Volvo XC40 Recharge Twin Pure Electric,350,214,2188,4.9,362,75.0,97,1800,450,171,56.15
Volvo EC40 Single Motor,360,186,2057,7.3,394,67.0,100,1500,435,152,52.69
Kia EV4 Hatchback 58.3 kWh,340,162,1805,7.4,364,55.0,80,500,435,111,37.59
Kia EV9 99.8 kWh AWD GT,420,229,2648,4.6,468,96.0,194,2500,385,217,89.99
XPENG G9 RWD Standard Range,410,191,2285,6.6,528,78.2,280,1500,731,146,59.6
Skoda Enyaq Coupe RS,470,168,2239,5.4,534,79.0,135,1800,570,126,60.85
Tesla Model S P85D,390,207,2262,3.3,393,80.75,95,0,895,300,115.0
Audi A6 Avant e-tron,465,163,2185,6.0,560,75.8,150,2100,529,146,64.45
Peugeot e-2008,260,178,1623,8.5,283,46.3,74,0,434,143,35.45
Mercedes-Benz EQS 450+,635,171,2515,6.1,702,108.4,169,750,620,180,109.551
BMW i5 eDrive40 Touring,465,175,2255,6.1,519,81.2,123,1500,570,167,72.2
Renault Scenic E-Tech EV60 170hp,340,176,1822,8.6,357,60.0,80,1100,545,117,40.4
Volkswagen ID.7 Pro,475,162,2180,6.5,541,77.0,125,1000,532,114,54.105
BMW iX2 xDrive30,385,168,2095,5.6,409,64.7,86,1200,525,159,56.5
Mercedes-Benz EQB 350 4MATIC,345,193,2165,6.2,357,66.5,100,1700,495,187,58.197
Mini Aceman E,230,167,1720,7.9,243,38.5,60,750,300,160,34.9
Mercedes-Benz EQS 580 4MATIC,640,184,2655,4.4,682,118.0,160,1700,620,245,141.705
Citroen e-C4 54 kWh,325,156,1646,9.1,353,50.8,79,0,380,109,34.1
BMW i4 xDrive40,495,164,2260,5.1,563,81.3,130,1600,470,132,64.1
BMW i5 M60 xDrive Sedan,420,193,2380,3.8,469,81.2,123,2000,490,255,99.5
Renault Zoe R240,145,161,1502,13.5,102,23.3,0,0,338,148,21.5
Toyota Urban Cruiser 61.1 kWh,330,181,1835,8.7,307,59.8,60,750,238,116,38.99
Ford Focus Electric,105,186,1700,11.4,75,19.55,0,0,237,358,39.99
Porsche Taycan Turbo S,400,209,2370,2.8,494,83.7,200,0,450,459,189.668
Volvo EX40 Single Motor,345,194,2040,7.3,378,67.0,100,1500,441,144,49.99
Kia PV5 Passenger 51.5 kWh,230,209,2065,12.8,257,48.0,75,750,1330,166,38.29
Hyundai Kona Electric 39 kWh,245,160,1610,9.9,223,39.2,37,0,361,145,34.85
MG Marvel R Performance,350,200,1995,4.9,335,70.0,81,750,357,148,50.99
Citroen e-C3 Aircross Comfort Range 44 kWh,240,183,1572,12.9,254,43.8,62,350,460,110,26.49
Hyundai Kona Electric 48.6 kWh,295,165,1685,9.9,291,48.6,50,300,493,128,38.34
Audi e-tron Sportback 50 quattro,295,219,2445,6.8,315,64.7,114,1800,677,244,71.35
Skoda Enyaq RS,460,172,2236,5.4,520,79.0,135,1200,585,127,58.6
Renault Kangoo Maxi ZE 33,160,194,1630,22.4,115,31.0,0,0,1300,236,38.0
Fisker Ocean One,525,203,2509,3.9,565,106.5,135,1820,476,134,69.95
Audi Q4 e-tron 55 quattro,395,195,2235,5.4,437,77.0,120,1200,520,160,59.0
Tesla Model S P90D,415,206,2262,3.3,408,85.5,90,0,895,292,120.3
Volkswagen ID.3 Pure Performance,275,164,1772,8.9,252,45.0,45,0,385,116,31.96
Peugeot e-308 SW,300,169,1791,10.0,322,50.8,79,0,548,142,45.765
Mercedes-Benz EQS SUV Maybach 680,490,241,3075,4.4,507,118.0,160,1800,440,441,200.634
Opel Corsa Electric 51 kWh,315,153,1544,8.1,338,48.1,76,0,267,118,38.045
BMW i5 eDrive40 Touring,455,178,2255,6.1,512,81.2,123,1500,570,171,72.2
CUPRA Born VZ,465,170,1999,5.6,517,79.0,135,0,385,111,52.87
Ford Capri Extended Range RWD,455,169,2098,6.4,477,77.0,120,1000,572,112,50.911
TOGG T10F Long Range AWD,465,183,2294,4.1,505,85.0,115,0,505,105,48.6
KGM Musso EV 4WD,360,224,2385,8.0,351,80.6,100,2300,907,131,45.99
Audi e-tron 50 quattro,280,231,2445,6.8,299,64.7,114,1800,722,251,69.1
Citroen e-Berlingo XL 50 kWh,230,217,1881,11.7,242,50.0,80,750,1050,169,37.94
Skoda Enyaq RS,460,172,2236,5.4,520,79.0,135,1800,585,125,58.6
Maserati Grecale Folgore,450,219,2555,4.1,450,98.6,110,1800,535,247,109.23
Peugeot e-208 50 kWh,295,157,1530,9.0,318,46.3,74,0,309,124,35.975
Volkswagen ID.3 GTX Performance,465,170,1993,5.6,526,79.0,135,0,385,108,48.725
Mercedes-Benz EQC 400 4MATIC,370,216,2495,5.1,366,80.0,99,1800,500,201,69.484
Volvo C40 Recharge Single Motor ER,420,188,2095,7.3,454,79.0,110,1500,450,128,54.45
Tesla Model X 90D,395,216,2464,5.0,387,85.5,90,0,0,287,113.3
BMW i3 94 Ah,165,165,1320,7.3,170,27.2,46,0,260,226,37.55
Audi e-tron Sportback 55 quattro,380,228,2565,5.7,399,86.5,147,1800,677,209,83.75
Lotus Eletre,495,220,2565,4.5,597,109.0,246,2250,657,202,96.99
Volkswagen ID.4 GTX,400,193,2239,6.3,425,77.0,103,1200,543,147,53.255
BMW iX2 eDrive20,405,161,1960,8.6,437,65.2,95,750,525,137,55.1
Toyota bZ4X FWD 57.7 kWh,305,177,1920,8.6,343,54.0,85,750,452,142,42.99
Mitsubishi i-MiEV,85,171,1160,15.9,98,14.5,30,0,166,310,23.79
Mercedes-Benz EQE 300,525,170,2405,7.3,566,89.0,120,750,430,137,67.187
Skoda Enyaq 85x,450,171,2230,6.7,501,77.0,120,1200,585,119,51.15
Polestar 2 Standard Range Single Motor,375,176,2013,7.4,414,66.0,113,1500,440,129,47.295
Zeekr 7X Core RWD,380,189,2395,6.0,492,72.0,240,2000,605,145,55.95
Kia e-Niro 64 kWh,375,171,1812,7.8,349,64.0,61,0,451,106,39.09
Mercedes-Benz EQV 300 Long,310,290,2635,12.1,285,90.0,95,0,1030,276,71.626
Porsche Taycan Turbo S,525,185,2370,2.4,674,97.0,267,0,450,391,209.9
Alpine A390 GT,470,189,2199,4.8,486,89.0,120,1350,532,146,67.5
Volkswagen ID.7 Tourer GTX,500,172,2339,5.5,570,86.0,145,1200,605,138,63.955
Suzuki e VITARA 49 kWh 2WD,270,177,1775,9.6,248,47.8,45,750,238,119,29.99
XPENG P7+ RWD Standard Range,375,160,2074,6.9,491,60.0,220,1500,573,124,46.6
Audi Q4 e-tron 35,285,182,1965,9.0,301,52.0,70,1000,520,173,44.7
MG MG5 Electric Standard Range,265,174,1637,7.7,270,46.0,52,500,479,139,35.49
Volvo EC40 Single Motor ER,420,188,2095,7.3,454,79.0,110,1500,435,135,57.19
Porsche Taycan 4 Cross Turismo,420,199,2320,5.1,520,83.7,200,0,530,238,98.514
Citroen e-C4 X 54 kWh,330,154,1659,9.3,359,50.8,79,0,510,119,36.325
BMW i7 eDrive50,520,196,2595,5.5,568,101.7,149,0,500,227,115.7
Porsche Taycan Plus,575,169,2245,4.8,750,97.0,267,0,491,186,107.224
Ford Mustang Mach-E ER AWD,445,204,2245,4.6,447,91.0,115,1500,619,148,65.9
BMW iX M70 xDrive,500,218,2655,3.8,524,108.9,150,2500,500,258,124.9
Polestar 2 Standard Range Single Motor,405,165,2020,6.4,454,67.0,100,1500,448,120,48.99
Ford Mustang Mach-E ER RWD,475,185,2161,6.1,482,88.0,105,1500,619,128,59.2
Skoda Enyaq RS,435,177,2251,5.5,480,77.0,120,1200,585,140,61.05
Volvo EX30 Cross Country,335,194,1960,3.7,361,65.0,101,1600,325,164,57.29
Kia e-Soul 64 kWh,370,173,1757,7.9,343,64.0,61,0,315,122,47.45
Peugeot e-208 50 kWh,295,157,1530,9.0,318,46.3,74,0,309,115,36.525
Volkswagen ID.3 Pro S,450,171,1934,7.9,479,77.0,103,0,385,96,41.995
Volkswagen ID.7 GTX,500,172,2325,5.5,572,86.0,145,1800,532,130,63.265
Alpine A390 GTS,470,189,2196,3.9,516,89.0,140,1350,532,168,77.0
Tesla Model S 75,380,191,2102,4.6,386,72.5,80,0,895,189,69.97
Peugeot e-308 58 kWh,345,161,1749,9.3,358,55.4,75,0,361,109,42.435
VinFast VF 8 Eco Extended Range,405,217,2530,5.9,411,87.7,105,1800,376,128,52.99
Audi RS e-tron GT,525,185,2395,2.8,682,97.0,267,0,427,282,147.5
MG MGS5 EV 49 kWh,275,171,1710,8.0,309,47.1,80,750,453,127,37.99
Audi Q8 SUV e-tron 50 quattro,425,209,2585,6.0,443,89.0,147,1800,631,179,75.9
DS Automobiles DS 3 E-Tense,300,169,1625,9.0,322,50.8,79,0,350,135,40.54
Mercedes-Benz EQE AMG 43 4MATIC,450,201,2535,4.2,490,90.6,136,750,430,240,104.756
Tesla Model S 70D,350,190,2156,5.4,369,66.5,95,0,895,240,83.5
Smart #1 Premium,335,185,1875,6.7,357,62.0,90,1600,338,132,44.99
Mercedes-Benz EQS 580 4MATIC,590,184,2635,4.3,654,108.4,169,750,620,267,141.705
Hyundai Kona Electric 64 kWh,390,164,1760,7.6,363,64.0,61,0,332,101,39.0
Polestar 2 Long Range Performance,450,176,2180,4.2,501,79.0,110,1500,446,139,58.775
Audi S6 Avant e-tron,530,179,2410,3.9,628,94.9,186,2100,529,199,101.15
Citroen e-C4 54 kWh,330,154,1636,9.2,359,50.8,79,0,380,118,35.925
Renault Zoe ZE40 R110,255,161,1502,11.4,232,41.0,40,0,338,118,29.99
DS Automobiles N°8 AWD Long Range,530,183,2364,5.4,552,97.2,135,1400,620,139,75.0
Smart #5 Pro+,475,202,2335,6.5,587,96.0,230,1600,702,109,50.9
Mercedes-Benz EQE 350 4MATIC,510,175,2475,6.3,547,89.0,120,750,430,157,74.149
Mercedes-Benz EQA 300 4MATIC,350,190,2110,7.7,359,66.5,100,1800,340,166,53.52
BMW i3 94 Ah,165,165,1320,7.3,170,27.2,46,0,260,218,36.8
Maserati GranTurismo Folgore,420,198,2335,2.7,531,83.0,217,0,270,480,198.212
Mercedes-Benz EQE 350,515,173,2405,6.4,556,89.0,120,750,430,157,70.995
Porsche Taycan Sport Turismo,460,179,2190,4.8,568,82.3,195,0,530,225,102.4
Zeekr X Long Range RWD,360,181,1930,5.6,392,65.0,101,1600,383,121,43.45
Volkswagen ID.4 Pro 4MOTION,435,177,2231,6.6,477,77.0,120,1200,543,117,49.02
Audi A6 Sportback e-tron quattro,570,166,2360,4.7,682,94.9,186,2100,529,144,79.8
Ford Explorer Extended Range RWD,450,176,2080,8.5,500,79.0,135,1200,536,103,48.5
Lucid Air Pure RWD,580,152,2145,4.7,668,88.0,150,0,910,151,85.9
Ford Mustang Mach-E ER AWD,440,207,2257,5.8,410,91.0,84,1000,619,165,69.7
Skoda CITIGOe iV,205,158,1235,12.3,188,32.3,29,0,250,110,24.534
Smart EQ forfour,95,176,1200,12.7,66,16.7,0,0,185,241,19.12
Audi Q4 e-tron 35,285,182,1990,9.0,324,52.0,90,1000,520,160,45.6
Lexus RZ 300e,355,180,2030,8.0,391,64.0,100,750,522,157,55.59
Fiat 500e 3+1 42 kWh,235,159,1400,9.0,257,37.3,65,0,185,146,36.99
Renault Zoe R110,250,164,1575,11.4,182,41.0,0,0,338,132,35.9
Volkswagen ID.3 Pro Performance,350,166,1805,7.3,369,58.0,75,0,385,104,36.495
Audi Q4 Sportback e-tron 45,435,177,2145,6.7,485,77.0,120,1000,535,128,54.95
BMW i7 M70 xDrive,490,208,2770,3.7,530,101.7,149,0,500,381,181.8
Porsche Taycan 4S,415,171,2215,4.0,518,71.0,171,0,491,273,114.559
Opel Astra Electric 58 kWh,345,161,1733,9.3,361,55.4,75,0,352,108,37.99
Tesla Model X Long Range Plus,480,204,2505,4.6,529,98.0,125,2250,0,199,90.99
Citroen e-C4 X 54 kWh,335,152,1652,9.1,362,50.8,79,0,510,107,34.8
Ford Mustang Mach-E SR RWD,365,186,2044,6.9,363,68.0,76,750,619,134,47.5
Mercedes-Benz EQE SUV 350 4MATIC,435,208,2560,6.6,468,90.6,141,1800,520,215,89.548
Volvo EX40 Twin Motor,385,205,2170,4.8,414,79.0,110,1800,441,164,59.59
CUPRA Born 150 kW - 59 kWh,360,164,1842,7.7,416,59.0,110,0,385,101,40.45
Peugeot e-308,300,169,1759,9.8,327,50.8,79,0,361,139,44.765
Polestar 2 Long Range Dual Motor,450,176,2183,4.5,501,79.0,110,1500,446,125,52.275
Volvo EC40 Twin Motor,400,198,2185,4.8,438,79.0,110,1800,435,150,61.29
Kia Soul EV,155,174,1565,11.2,162,27.0,40,0,281,199,28.89
Fiat 500e Hatchback 24 kWh,135,158,1255,9.0,153,21.3,40,0,185,198,30.99
Volvo XC40 Recharge Single Motor,340,194,2040,7.3,367,66.0,113,1500,441,144,47.5
Volvo EC40 Single Motor ER,420,188,2095,7.3,454,79.0,110,1500,435,137,57.19
Alfa Romeo Junior Elettrica 54 kWh Veloce,310,164,1635,6.0,330,50.8,79,0,400,156,48.5
Polestar 2 Standard Range Single Motor,405,165,2020,6.4,454,67.0,100,1500,448,120,48.99
Audi Q6 Sportback e-tron performance,510,186,2275,6.6,595,94.9,186,2000,575,144,71.2
Polestar 2 Standard Range Single Motor,395,167,2019,6.4,439,66.0,113,1500,446,121,46.275
Skoda Enyaq Coupe RS,450,171,2258,5.5,493,77.0,120,1200,570,140,63.3
Polestar 2 Long Range Performance,450,176,2180,4.2,501,79.0,110,1500,448,142,63.49
Volvo EX40 Twin Motor,385,205,2170,4.8,414,79.0,110,1800,441,151,59.59
Mercedes-Benz EQE 350 4MATIC,515,176,2475,5.9,564,90.6,141,1700,430,150,74.149
Citroen e-C4,280,165,1616,9.7,308,46.3,74,0,380,124,34.64
Mercedes-Benz EQB 350 4MATIC,340,196,2175,6.2,350,66.5,99,0,495,188,58.197
Dacia Spring Electric,160,156,1012,19.1,151,25.0,29,0,300,123,20.49
Audi SQ6 SUV e-tron,470,202,2425,4.3,550,94.9,186,2400,578,214,93.8
CUPRA Born 170 kW - 77 kWh,460,167,1965,7.0,512,77.0,125,0,385,99,47.25
Renault Megane E-Tech EV40 130hp,260,154,1588,10.0,272,40.0,49,500,440,151,42.0
Porsche Taycan GTS,450,186,2370,3.7,566,83.7,200,0,491,306,139.906
Ford Capri Extended Range AWD,445,173,2175,5.3,493,77.0,120,1800,572,119,55.4
Nissan Ariya e-4ORCE 87kWh - 225 kW,405,215,2259,5.7,391,87.0,80,1500,415,136,57.49
Kia EV6 Standard Range 2WD,305,177,1875,8.5,377,54.0,140,750,563,148,46.99
Mercedes-Benz EQS 450 4MATIC,605,178,2615,5.6,671,107.8,169,750,610,201,113.359
Lotus Emeya 600,520,190,2555,4.2,693,98.9,328,2250,543,204,107.99
Volkswagen ID.4 GTX,400,193,2224,6.2,425,77.0,103,1200,543,135,50.415
Mercedes-Benz EQB 250,385,173,2110,8.9,397,66.5,99,0,495,146,52.55
NIO ET7 Standard Range,415,177,2434,3.8,456,73.5,110,2000,363,201,81.9
Smart #5 Summit Edition,460,209,2445,4.9,570,96.0,230,1600,677,125,56.9
Kia e-Soul 64 kWh,370,173,1757,7.9,343,64.0,61,0,315,107,42.39
Hyundai IONIQ 5 Standard Range AWD,290,186,2015,6.1,359,54.0,140,0,555,158,45.9
SEAT Mii Electric,205,158,1235,12.3,188,32.3,29,0,251,116,24.65
Volkswagen ID.3 Pro S - 4 Seats,450,171,1935,7.9,479,77.0,103,0,385,123,56.5
Aiways U5,315,190,1795,7.5,313,60.0,75,0,496,128,39.563
Abarth 500e Hatchback,225,166,1410,7.0,246,37.3,65,0,185,158,37.99
Skoda Enyaq 60,335,173,1992,8.7,361,58.0,82,1000,585,133,44.2
Mercedes-Benz EQS SUV 450+,540,219,2730,6.8,559,118.0,160,750,645,219,110.801
Lightyear 0,550,109,1575,10.0,535,60.0,60,0,640,548,297.5
Aiways U6,350,171,1790,7.0,349,60.0,75,0,472,138,47.588
NIO EL6 Long Range,435,207,2398,4.5,471,90.0,135,1200,579,174,74.5
Volkswagen ID.7 Tourer Pro S,520,165,2235,6.7,589,86.0,145,1000,605,117,59.785
Renault Zoe R90,255,161,1555,13.5,182,41.0,0,0,338,122,33.2
Audi e-tron 55 quattro,365,237,2565,5.7,384,86.5,147,1800,722,222,80.9
Polestar 2 Standard Range Single Motor,345,177,2015,7.4,358,61.0,75,1500,440,133,45.5
Audi RS e-tron GT performance,525,185,2395,2.5,682,97.0,267,0,427,311,160.5
Zeekr X Core RWD,270,181,1930,5.9,299,49.0,80,1600,383,144,38.95
Mercedes-Benz EQE SUV 500 4MATIC,455,211,2610,4.9,482,96.0,141,1800,520,235,99.841
Opel Mokka-e 54 kWh,290,175,1598,9.0,306,50.8,79,0,310,144,44.72
Citroen e-Berlingo M 50 kWh,235,213,1811,11.7,246,50.0,80,750,775,160,36.94
BMW iX2 xDrive30,395,165,2095,5.6,429,65.2,95,1200,525,158,62.2
Skoda Enyaq 85x,440,175,2213,6.6,485,77.0,120,1200,585,122,51.15
Opel Astra Sports Tourer Electric 58 kWh,335,165,1765,9.5,351,55.4,75,0,516,115,39.49
Volvo EX40 Single Motor,345,194,2040,7.3,378,67.0,100,1500,441,141,49.99
Skoda Elroq RS,450,176,2229,5.4,508,79.0,135,1200,470,118,53.05
Audi Q8 Sportback e-tron 55 quattro,525,202,2585,5.6,543,106.0,145,1800,590,169,89.55
Toyota Proace City Verso L1 50 kWh,235,213,1811,11.7,246,50.0,80,750,775,167,38.83
Ford Capri Standard Range RWD,320,163,1914,9.0,357,52.0,85,1000,572,141,44.95
Audi S6 Sportback e-tron,555,171,2400,3.9,663,94.9,186,2100,529,187,99.5
Volvo ES90 Twin Motor Performance,535,191,2610,4.0,642,102.0,200,2000,468,178,94.49
Tesla Model X Long Range,435,218,2533,4.9,434,95.0,100,2250,0,216,91.0
NIO ET7 Long Range,505,178,2454,3.8,509,90.0,100,2000,363,183,90.9
Citroen C-Zero,85,171,1140,15.9,101,14.5,30,0,166,252,21.8
Mini Countryman SE ALL4,385,169,2075,5.6,405,65.2,86,1200,460,110,43.32
Ford Mustang Mach-E ER AWD,430,205,2257,5.8,401,88.0,84,750,619,154,63.7
Volkswagen ID.5 GTX,430,179,2242,5.5,477,77.0,120,1200,549,141,56.455
Fisker Ocean Extreme,490,217,2526,3.9,528,106.5,135,1820,476,132,63.59
Volvo C40 Recharge Single Motor,355,186,2065,7.3,383,66.0,113,1500,450,145,47.5
Opel Corsa Electric 50 kWh,290,160,1544,8.7,315,46.3,74,0,267,116,34.65
Lucid Air Touring,600,160,2337,3.6,698,96.0,160,0,910,169,99.9
BMW i5 xDrive40 Touring,450,180,2395,5.5,502,81.2,123,2000,570,179,77.6
Genesis G80 Electrified,490,184,2410,5.1,548,90.0,160,0,354,166,76.18
Porsche Taycan Turbo,415,202,2380,3.2,518,83.7,200,0,450,367,156.348
Ford Mustang Mach-E ER RWD,465,189,2160,7.0,436,88.0,84,750,619,120,54.475
Mercedes-Benz EQE 300,515,173,2385,7.3,556,89.0,120,750,430,144,66.402
Mercedes-Benz EQB 250+,410,172,2115,8.9,401,70.5,90,0,495,133,53.978
Lotus Emeya,520,190,2555,4.2,693,98.9,328,2250,543,209,106.4
Volvo EX90 Twin Motor Performance,465,219,2725,4.2,547,102.0,200,2200,703,226,101.29
Volkswagen e-Up!,100,160,1229,12.4,110,16.0,29,0,250,235,22.975
Mercedes-Benz EQA 300 4MATIC,350,190,2105,7.7,359,66.5,99,1800,340,170,53.746
XPENG G9 RWD Standard Range,395,192,2285,6.4,478,75.8,170,1500,731,150,59.6
BMW i5 M60 xDrive Sedan,430,189,2370,3.8,479,81.2,123,2000,490,249,99.5
Volkswagen e-Up!,95,168,1214,12.4,104,16.0,29,0,250,269,26.9
Polestar 3 Long Range Performance,480,223,2654,4.7,516,107.0,150,2200,516,194,92.19
Alpine A290 Electric 180 hp,310,168,1554,7.4,326,52.0,75,500,326,120,38.7
Volkswagen ID.5 GTX,445,178,2233,5.4,500,79.0,135,1800,549,128,58.755
Porsche Macan GTS Electric,465,204,2470,3.8,546,94.9,186,2500,560,227,104.2
Tesla Model S 70,340,196,2074,5.8,360,66.5,95,0,895,231,78.0
Peugeot iOn,85,171,1140,15.9,101,14.5,30,0,166,250,21.8
Genesis G80 Electrified Luxury,440,188,2325,4.9,507,82.5,160,0,354,170,69.2
BMW i4 xDrive40,490,166,2260,5.1,556,81.3,130,1600,470,132,63.0
Skoda Enyaq Coupe 60,370,159,2003,8.1,429,59.0,110,1000,570,124,46.85
Porsche Macan 4 Electric,470,202,2405,5.2,553,94.9,186,2500,624,182,84.6
Opel Combo-e Life 50 kWh,205,226,1739,11.7,219,46.3,74,750,571,198,43.05
TOGG T10X Long Range AWD,420,202,2283,4.8,444,85.0,115,0,441,117,49.2
Volvo C40 Recharge Twin Pure Electric,360,208,2185,4.7,373,75.0,97,1800,450,170,57.65
Porsche Taycan 4S Cross Turismo,510,190,2355,3.8,655,97.0,267,0,530,244,126.4
Genesis GV70 Electrified,385,208,2335,4.4,477,80.0,205,1800,528,190,70.23
NIO EL7 Long Range,430,209,2441,3.9,421,90.0,100,2000,570,224,94.9
Porsche Macan Turbo Electric,465,204,2480,3.3,550,94.9,186,2000,564,247,114.6
TOGG T10F Standard Range RWD,295,169,1998,7.2,372,50.0,70,0,505,116,34.295
Volvo EX90 Single Motor,425,207,2556,6.8,501,88.0,170,1500,703,208,85.99
Mercedes-Benz EQS SUV 580 4MATIC,485,224,2810,4.6,521,108.4,169,1800,645,323,135.434
Maserati Grecale Folgore,415,238,2555,4.1,413,98.6,110,1800,535,301,124.301
Ford Mustang Mach-E SR RWD,385,189,2166,6.2,408,72.6,100,750,619,132,55.8
Smart #5 Pro,370,201,2275,6.9,395,74.4,110,1600,702,126,45.9
Lotus Eletre 600,495,220,2565,4.5,597,109.0,246,2250,657,203,99.99
Nissan e-NV200 Evalia,105,210,1614,14.0,111,22.0,34,0,2000,332,37.602
Audi RS e-tron GT,400,209,2420,3.3,494,83.7,200,0,451,365,146.05
Mercedes-Benz EQS AMG 53 4MATIC+,585,202,2700,3.4,619,118.0,160,1700,620,294,155.009
Mitsubishi i-MiEV,85,171,1185,15.9,98,14.5,30,0,166,342,29.393
Tesla Model X P90D,375,228,2514,4.0,366,85.5,90,0,0,353,131.3
Citroen C-Zero,85,171,1140,15.9,101,14.5,30,0,166,328,29.393
Tesla Model S 90D,445,192,2184,4.4,443,85.5,90,0,895,222,98.0
Tesla Model S Performance,515,184,2307,2.8,546,95.0,110,0,894,193,96.99
Audi e-tron S Sportback,330,262,2730,4.5,348,86.5,147,1800,677,292,96.05
SsangYong Korando e-Motion,290,193,1840,8.5,277,56.0,68,1500,551,137,42.49
Porsche Macan 4S Electric,470,202,2420,4.1,553,94.9,186,2500,624,196,91.2
Skoda Enyaq Coupe iV RS,430,179,2253,6.5,462,77.0,103,1200,575,146,63.3
Citroen e-C4 X,290,160,1659,9.9,315,46.3,74,0,510,115,32.6
Genesis GV60 Performance,400,200,2230,4.0,496,80.0,205,1600,432,190,74.48
VinFast VF 6 Plus,310,192,2113,8.9,318,59.6,90,0,0,128,38.99
Porsche Macan Turbo Electric,465,204,2480,3.3,550,94.9,186,2500,564,250,115.5
Volkswagen ID.4 Pro 4MOTION,435,177,2233,6.6,477,77.0,120,1200,543,116,49.02
Mercedes-Benz EQT 200 Long,220,205,1944,13.3,221,45.0,50,1500,828,213,41.613
Abarth 600e Scorpionissima,280,181,1700,5.9,297,50.8,79,0,360,170,48.99
Nissan LEAF 24 kWh,125,176,1600,11.9,137,22.0,34,0,330,243,33.99
Smart #5 Pulse,465,206,2420,4.9,574,96.0,230,1600,677,120,55.4
Ford Mustang Mach-E SR RWD,380,191,2175,6.2,408,72.6,100,750,619,136,56.5
Ford Mustang Mach-E ER AWD,435,202,2245,4.8,441,88.0,105,1500,619,158,66.6
Opel Grandland Electric 73 kWh AWD,355,206,2290,6.1,374,73.0,90,1350,485,141,51.75
Peugeot e-308 SW 58 kWh,340,163,1783,9.5,354,55.4,75,0,505,115,43.435
e.GO e.wave X,150,180,1280,12.0,106,27.0,0,0,116,167,24.99
Audi S e-tron GT,540,180,2385,3.4,700,97.0,267,0,482,235,126.0
Zeekr X Privilege AWD,350,186,2035,3.8,386,65.0,101,1600,383,138,48.45
Mercedes-Benz eVito Tourer Long 90 kWh,310,290,2530,12.0,283,90.0,95,0,990,249,64.248
Dacia Spring Electric 65 Extreme,160,156,1035,13.7,149,25.0,29,0,300,150,24.55
Volkswagen ID. Buzz NWB GTX,360,219,2629,6.5,395,79.0,135,1800,1121,204,73.102
Nissan Micra Standard Range 40 kWh,260,154,1452,9.0,269,40.0,55,500,326,106,27.99
Lexus RZ 550e F SPORT,390,185,2135,4.4,425,72.0,110,0,522,198,78.7
Polestar 2 Long Range Performance,385,195,2188,4.4,402,75.0,97,1500,440,162,61.495
Peugeot e-408 58 kWh,350,167,1879,7.2,372,58.3,80,0,471,126,46.3
Fisker Ocean Ultra,500,213,2508,4.2,541,106.5,135,1820,476,118,58.9
Lotus Eletre R,455,240,2725,2.9,553,109.0,246,2250,657,326,151.99
Smart EQ fortwo cabrio,95,176,1125,11.9,66,16.7,0,0,260,286,25.2
Honda e Advance,170,168,1595,8.3,168,28.5,31,0,171,242,39.9
Audi e-tron S,320,270,2730,4.5,332,86.5,147,1800,722,294,93.8
Volkswagen ID.5 Pro Performance,430,179,2118,8.4,454,77.0,124,1000,549,128,48.97
Volvo EX40 Twin Motor Performance,385,205,2170,4.6,414,79.0,110,1800,441,163,62.89
Ford Mustang Mach-E GT,425,214,2348,3.7,433,91.0,115,750,619,187,77.3
Tesla Model S 60,345,180,2102,5.8,370,62.0,95,0,895,221,69.019
Audi Q4 Sportback e-tron 40,425,180,2120,8.5,453,76.6,124,1000,535,138,53.9
Lucid Air Dream Edition R,685,172,2435,2.9,788,118.0,185,0,910,321,218.0
Audi Q4 Sportback e-tron 45 quattro,410,188,2235,6.6,453,77.0,120,1200,535,142,56.95
Opel Combo Electric 50 kWh,235,213,1811,11.3,246,50.0,80,750,775,165,38.6
Mercedes-Benz EQE 300,525,170,2405,7.3,566,89.0,120,750,430,131,67.187
Mercedes-Benz EQE SUV 350 4MATIC,435,208,2565,6.0,468,90.6,141,1800,520,210,89.548
Fiat 500e Cabrio 42 kWh,230,162,1405,9.0,250,37.3,65,0,185,148,37.99
Mercedes-Benz EQA 350 4MATIC,350,190,2105,6.0,359,66.5,99,1800,340,177,56.424
Volvo XC40 Recharge Twin Pure Electric,335,224,2188,4.9,342,75.0,97,1800,450,172,59.25
Mercedes-Benz EQE SUV 350 4MATIC,425,209,2580,6.6,453,89.0,120,1800,520,230,89.548
Tesla Model X Performance,430,221,2552,2.9,448,95.0,110,2250,0,250,102.99
Renault Megane E-Tech EV60 130hp,380,158,1699,10.5,404,60.0,80,500,440,111,47.0
Peugeot e-2008 50 kWh,270,171,1623,9.9,292,46.3,74,0,434,142,39.0
Ford Mustang Mach-E SR RWD,380,191,2179,7.3,404,72.6,100,750,619,141,55.8
Porsche Taycan 4S Plus,565,172,2325,3.7,738,97.0,267,0,491,218,126.422
DS Automobiles N°4 E-Tense,350,167,1867,7.1,372,58.3,80,0,390,122,45.9
Toyota Proace City Verso L2 50 kWh,230,217,1881,11.7,242,50.0,80,750,1050,179,40.25
Volvo EC40 Twin Motor Performance,400,198,2185,4.6,438,79.0,110,1800,435,159,64.39
Mercedes-Benz EQT 200 Standard,225,200,1867,12.6,225,45.0,50,1500,551,200,39.623
Skoda Enyaq Coupe RS,470,168,2239,5.4,534,79.0,135,1200,570,129,60.85
Cadillac LYRIQ-V,400,228,2745,3.3,392,91.0,100,1587,588,249,99.64
Mercedes-Benz EQE SUV 500 4MATIC,455,211,2615,4.7,482,96.0,141,1800,520,222,99.841
Cadillac OPTIQ 500 E4,365,205,2376,6.7,359,75.0,90,680,443,178,65.0
Volkswagen ID.4 Pure Performance,285,182,1965,9.0,301,52.0,70,1000,543,154,39.955
Mercedes-Benz EQE SUV 500 4MATIC,435,208,2560,4.9,468,90.6,141,1800,520,262,99.841
Volkswagen ID.3 Pro S - 4 Seats,455,169,1933,7.9,499,77.0,120,0,385,108,47.595
Smart #3 Pro+,355,175,1855,5.8,383,62.0,90,1600,385,120,43.49
Audi Q4 e-tron 45 quattro,395,195,2235,6.6,437,77.0,120,1200,520,142,54.95
Tesla Model S Standard Range,420,173,2183,4.2,416,72.5,80,0,894,201,86.8
Mercedes-Benz EQS 580 4MATIC,590,183,2620,4.3,654,107.8,169,750,610,267,141.705
Citroen e-Jumpy Combi M 75 kWh,265,260,2131,13.3,252,69.0,77,1000,507,217,57.94
Ford Mustang Mach-E ER AWD,440,207,2257,5.8,410,91.0,84,1500,619,169,77.2
Volvo EC40 Single Motor,360,186,2057,7.3,394,67.0,100,1500,435,150,54.39
Cadillac VISTIQ 900 E4,375,243,2899,4.1,365,91.0,100,2000,297,290,108.809
Peugeot e-208 51 kWh,305,158,1530,8.2,329,48.1,76,0,265,133,41.85
Peugeot e-5008 73 kWh Dual Motor,355,206,2406,6.5,374,73.0,90,1000,348,178,62.5
Lotus Emeya 900,465,213,2650,2.8,611,98.9,328,1225,543,320,145.99
Lotus Eletre 900,455,240,2725,2.9,553,109.0,246,2250,657,327,145.99
Volvo C40 Recharge Pure Electric,335,200,2045,7.4,358,67.0,113,1500,450,151,48.85
Kia EV9 76.1 kWh RWD,350,209,2387,8.5,414,73.0,160,900,423,174,61.99
Volvo EC40 Twin Motor,400,198,2185,4.8,438,79.0,110,1800,435,160,61.29
Porsche Taycan Turbo GT Weissach,475,204,2295,2.2,610,97.0,267,0,451,496,240.0
Mini Aceman JCW,280,176,1825,6.4,294,49.2,75,750,300,170,43.15
Nissan Ariya e-4ORCE 87kWh - 320 kW Nismo,385,226,2277,5.0,373,87.0,80,0,415,165,63.99
Opel Mokka-e,255,182,1598,9.0,273,46.3,74,0,310,135,34.11
Mercedes-Benz EQA 250+,420,168,2045,8.6,414,70.5,90,750,340,129,52.205
Volkswagen ID.7 GTX,500,172,2325,5.4,572,86.0,145,1200,532,137,63.155
Audi Q4 Sportback e-tron 40,340,174,2035,8.1,395,59.0,110,1000,520,148,48.15
Kia e-Niro 39 kWh,235,167,1667,9.8,215,39.2,37,0,451,159,38.29
XPENG P7 Wing Edition,455,182,2255,4.1,512,82.7,135,0,440,155,69.6
Skoda Enyaq iV 50,305,170,1937,11.3,271,52.0,45,0,585,131,39.9
Porsche Taycan 4S Cross Turismo,420,199,2320,4.1,520,83.7,200,0,530,269,114.222
Renault Kangoo Grand E-Tech Electric,220,205,1992,13.3,218,45.0,50,1500,500,183,40.25
Audi e-tron 55 quattro,365,237,2595,5.7,384,86.5,147,1800,722,213,79.445
Skoda Enyaq Coupe 85,460,167,2140,6.7,484,77.0,120,1000,570,114,51.15
Smart #1 Pro,250,188,1855,6.7,280,47.0,65,0,338,147,37.49
Peugeot e-Rifter M 50 kWh,235,213,1830,11.7,246,50.0,80,750,775,166,38.44
Audi Q6 Sportback e-tron quattro,500,190,2400,5.9,585,94.9,186,2400,575,160,77.1
Ford e-Tourneo Custom L2 210 kW,235,272,2602,8.0,245,64.0,105,2000,819,326,76.517
VinFast VF 8 Plus Extended Range,400,219,2595,5.5,411,87.7,105,1800,376,144,58.89
GWM ORA 03 GT,325,182,1655,8.2,300,59.3,54,0,228,115,37.49
Mercedes-Benz EQE 500 4MATIC,505,179,2490,4.7,555,90.6,141,1700,430,177,88.215
Porsche Taycan GTS,535,181,2360,3.3,693,97.0,267,0,450,273,147.7
Hyundai IONIQ 5 Project 45,365,192,2095,5.2,451,70.0,179,1600,555,159,59.55
Mercedes-Benz EQE 500 4MATIC,505,179,2490,4.4,553,90.6,141,1700,430,176,84.764
Opel Mokka Electric GSE,280,181,1672,5.9,297,50.8,79,0,310,157,47.3
ORA Funky Cat 48 kWh,260,175,1615,8.3,247,45.4,45,0,228,146,38.99
Smart #3 Pro,265,177,1855,5.9,297,47.0,65,0,385,142,38.49
Mercedes-Benz EQE AMG 53 4MATIC+,450,201,2540,3.5,491,90.6,141,1700,430,267,110.706
Porsche Macan 4S Electric,470,202,2420,4.1,553,94.9,186,2000,624,196,90.7
GWM ORA 07 GT,430,194,2210,4.5,389,83.5,80,0,333,124,53.49
Skoda Enyaq Coupe 85x,460,167,2234,6.7,511,77.0,120,1200,570,121,53.4
Volkswagen ID. Buzz NWB Pure,265,223,2367,10.7,301,59.0,110,1000,1121,189,49.998
Lucid Gravity Touring,460,193,2597,4.2,547,89.0,180,1600,1663,220,99.9
Volkswagen ID.3 Pro S - 5 Seats,450,171,1928,7.9,479,77.0,103,0,385,98,43.72
Mercedes-Benz EQE AMG 43 4MATIC,455,199,2525,4.2,490,90.6,136,750,430,236,103.827
Ford Mustang Mach-E ER RWD,480,190,2160,7.0,448,91.0,84,1500,619,138,71.2
Mercedes-Benz EQS 500 4MATIC,590,184,2630,4.8,654,108.4,169,750,620,229,125.378
CUPRA Born 170 kW - 58 kWh,345,168,1824,6.6,365,58.0,75,0,385,116,40.75
Smart #1 Pure,250,188,1855,6.7,280,47.0,65,0,338,135,34.99
Polestar 2 Long Range Dual Motor,455,174,2183,4.5,509,79.0,110,1500,448,127,56.99
Toyota Proace Verso M 50 kWh,180,257,2027,12.1,189,46.3,74,1000,603,276,44.23
BMW i5 M60 xDrive Touring,425,191,2425,3.9,475,81.2,123,2000,570,257,101.5
Ford Mustang Mach-E GT,435,209,2343,3.8,441,91.0,115,750,619,168,78.0
Audi e-tron Sportback 55 quattro,380,228,2555,5.7,399,86.5,147,1800,677,217,81.639
Lucid Air Pure RWD,530,158,2145,4.7,615,84.0,140,0,910,163,85.0
Tesla Model S P90D,405,211,2271,3.3,401,85.5,90,0,895,316,124.2
Smart #1 Pulse,325,191,1975,4.5,350,62.0,90,1600,328,137,46.49
Hyundai Kona Electric 39 kWh,245,160,1610,9.7,221,39.2,37,0,332,135,34.6
Mercedes-Benz eVito Tourer Long 41 kWh,120,292,2260,16.0,85,35.0,0,0,990,453,54.395
Fiat 500e Cabrio 24 kWh,135,158,1281,9.0,150,21.3,40,0,185,248,35.49
Peugeot iOn,85,171,1140,15.9,101,14.5,30,0,166,328,29.393
NIO ET5 Touring Standard Range,400,184,2265,4.0,434,73.5,110,1400,450,154,59.5
Ford Mustang Mach-E ER RWD,480,190,2160,7.0,489,91.0,115,1500,619,126,58.5
Mercedes-Benz eVito Tourer Long 90 kWh,325,277,2561,12.1,299,90.0,96,0,990,241,72.043
Mercedes-Benz EQE 350 4MATIC,515,176,2475,6.3,570,90.6,141,1700,430,148,74.149
KGM Musso EV 2WD,365,221,2265,9.2,357,80.6,100,1800,907,118,41.99
Mercedes-Benz EQS SUV 500 4MATIC,530,223,2840,5.3,543,118.0,160,1800,645,257,124.545
Volkswagen e-Transporter Kombi L2 100 kW 64 kWh,250,255,2348,12.8,250,63.8,75,2000,1000,252,63.725
Volkswagen ID.5 Pro Performance,430,179,2117,8.4,459,77.0,124,1000,549,122,47.55
Citroen e-Jumpy Combi XL 75 kWh,265,260,2161,13.3,252,69.0,77,1000,912,222,58.73
Mercedes-Benz EQE SUV AMG 43 4MATIC,425,213,2600,4.3,460,90.6,141,1800,520,301,124.92
Abarth 500e Convertible,225,166,1435,7.0,243,37.3,65,0,185,171,40.99
NIO EL6 Standard Range,365,201,2378,4.5,388,73.5,110,1200,579,183,65.5
DS Automobiles DS 3 Crossback E-Tense,255,182,1598,8.7,276,46.3,74,0,350,150,38.69
Kia e-Soul 64 kWh,370,173,1757,7.9,343,64.0,61,0,315,113,36.837
Tesla Model X Standard Range,355,204,2427,4.8,346,72.5,80,2250,0,252,91.7
Peugeot e-3008 73 kWh Dual Motor,365,200,2337,6.0,388,73.0,90,1350,588,166,60.0
Maserati GranCabrio Folgore,395,210,2415,2.8,489,83.0,190,0,151,530,206.713
Opel Zafira-e Life M 75 kWh,265,260,2131,13.3,252,69.0,77,1000,0,256,69.25
Porsche Taycan Plus,475,176,2205,5.4,592,83.7,200,0,491,200,94.123
Zeekr 001 Privilege AWD,480,196,2410,3.8,521,94.0,135,2000,569,150,71.95
Citroen e-SpaceTourer M 75 kWh,265,260,2211,14.2,252,69.0,77,1000,603,213,52.23
BMW i5 xDrive40 Sedan,465,175,2345,5.4,525,81.2,123,2000,490,169,75.6
Genesis GV60 Pure,425,188,2050,7.8,522,80.0,205,1600,432,138,54.68
Ford e-Tourneo Custom L1 160 kW AWD,265,268,2500,9.0,266,71.0,105,2000,672,271,71.698
Toyota Proace Verso L 75 kWh,265,260,2161,13.1,252,69.0,77,1000,989,269,65.385
Smart ForFour Electric Drive,95,176,1200,12.7,66,16.7,0,0,185,232,22.6
Porsche Taycan 4S Plus,460,182,2295,4.0,575,83.7,200,0,491,245,114.389
Mercedes-Benz EQS 350,540,168,2390,6.6,601,90.6,141,750,610,175,97.806
DS Automobiles DS 3 Crossback E-Tense,265,175,1598,8.7,285,46.3,74,0,350,149,39.44
Peugeot e-Traveller L3 75 kWh,265,260,2240,14.2,252,69.0,77,1000,989,225,53.23
Tesla Model S 60D,345,180,2183,5.4,376,62.0,95,0,895,238,74.719
Jaguar I-Pace EV320,380,223,2244,6.4,354,84.7,83,750,505,186,75.351
Mercedes-Benz EQS SUV 450 4MATIC,490,221,2805,6.0,521,108.4,169,1800,645,267,114.609
Smart EQ fortwo coupe,100,167,1085,11.5,71,16.7,0,0,260,221,21.94
Ford Mustang Mach-E ER AWD,440,207,2257,5.8,447,91.0,115,1500,619,158,65.9
Mercedes-Benz EQE SUV 350+,475,202,2495,6.4,503,96.0,141,750,520,185,86.811
Mercedes-Benz EQS AMG 53 4MATIC+,540,200,2655,3.4,591,107.8,169,750,610,320,155.009
Opel Grandland Electric 82 kWh,420,196,2195,9.0,433,82.2,100,1200,550,122,51.95
Audi Q6 Sportback e-tron,410,185,2200,7.0,485,75.8,150,2000,575,167,65.9
Audi SQ6 Sportback e-tron,495,192,2425,4.3,578,94.9,186,2400,575,207,96.2
Audi Q4 Sportback e-tron 50 quattro,400,192,2215,6.2,433,76.6,103,1200,535,167,59.9
Mercedes-Benz eVito Tourer Extra-Long 90 kWh,305,295,2555,12.0,279,90.0,95,0,1390,264,65.14
Porsche Taycan Sport Turismo,380,187,2155,5.4,474,71.0,171,0,530,251,94.091
Lotus Eletre S,480,227,2595,4.5,587,109.0,246,2250,657,255,121.99
Porsche Taycan Turbo,535,181,2365,2.7,693,97.0,267,0,450,320,175.6
Mercedes-Benz eVito Tourer Extra-Long 41 kWh,120,292,2285,16.0,85,35.0,0,0,1390,461,55.275
Mercedes-Benz EQS SUV 450+,500,217,2695,6.7,535,108.4,169,750,645,236,110.801
Genesis GV70 Electrified Sport,350,211,2310,4.2,432,74.0,190,1800,528,203,67.3
MG Cyberster Trophy,425,175,1960,5.0,440,74.4,85,0,249,153,64.99
DS Automobiles N°8 FWD,415,178,2207,7.7,443,73.7,90,1260,620,139,57.7
Porsche Taycan Turbo S Sport Turismo,505,192,2395,2.4,655,97.0,267,0,489,408,210.8
Porsche Taycan Turbo Cross Turismo,495,196,2395,2.8,636,97.0,267,0,489,350,177.0
Smart #1 Pure+,335,185,1863,6.7,357,62.0,90,1600,338,115,39.99
Volkswagen ID.5 Pure,320,163,1963,8.9,359,52.0,87,1000,549,145,45.27
Tesla Model X P90DL,375,228,2524,3.4,366,85.5,90,0,0,382,142.2
Volkswagen ID.5 GTX,405,190,2242,6.3,439,77.0,103,1200,549,145,53.615
Opel Vivaro-e Combi L 50 kWh,180,257,1989,12.1,189,46.3,74,1000,912,269,51.825
Ford Mustang Mach-E SR RWD,375,187,2044,6.9,374,70.0,76,750,619,156,62.9
Audi SQ8 SUV e-tron,455,233,2725,4.5,463,106.0,145,1800,631,228,98.1
Skoda Enyaq Coupe 85x,460,167,2234,6.7,511,77.0,120,1800,570,117,53.75
Renault Zoe R90,255,161,1548,13.2,182,41.0,0,0,338,131,34.1
Opel Vivaro-e Combi L 75 kWh,265,260,2161,13.3,252,69.0,77,1000,912,220,57.775
Jeep Avenger Electric 1st Edition,310,164,1611,9.0,330,50.8,79,0,355,132,39.9
Skoda Enyaq Coupe iV 80,445,173,2119,8.7,473,77.0,124,1000,575,118,54.4
Ford e-Tourneo Custom L2 160 kW RWD,270,263,2432,9.0,272,71.0,105,2000,819,244,62.654
Tesla Model S 70,345,200,2102,5.8,362,69.0,95,0,895,242,82.7
Ford Mustang Mach-E SR RWD,375,187,2044,6.9,374,70.0,76,750,619,156,56.5
Ford Mustang Mach-E GT,425,214,2348,4.4,397,91.0,84,750,619,191,77.2
Mercedes-Benz EQS 450 4MATIC,610,178,2630,5.6,677,108.4,169,750,620,189,113.359
Porsche Taycan Plus Sport Turismo,530,183,2270,4.8,685,97.0,267,0,530,204,108.124
Skoda Enyaq Coupe 85x,455,169,2230,6.6,503,77.0,120,1200,570,122,53.4
Opel Zafira Electric 75 kWh,265,260,2211,14.2,252,69.0,77,1000,603,210,53.55
BMW i5 xDrive40 Touring,440,185,2405,5.5,492,81.2,123,2000,570,183,77.6
Volkswagen ID.5 Pure,320,163,1966,8.9,359,52.0,87,1000,549,145,45.27
Tesla Model S 70D,355,194,2183,5.4,369,69.0,95,0,895,251,88.2
Audi Q4 e-tron 45 quattro,385,199,2210,6.9,409,76.6,103,1200,520,150,53.99
Mercedes-Benz EQE 350,510,175,2385,6.4,554,89.0,120,750,430,158,70.21
Ford Mustang Mach-E SR AWD,350,207,2276,6.2,372,72.6,100,750,619,168,57.9
Porsche Taycan 4,490,168,2245,4.6,611,82.3,195,0,491,221,106.2
Smart EQ forfour,95,176,1200,12.7,65,16.7,0,0,185,237,22.6
Peugeot e-Traveller Long 75 kWh,265,260,2161,14.3,252,69.0,77,1000,989,243,60.43
Volvo EX90 Single Motor,485,206,2582,8.4,524,100.0,140,1200,703,180,83.7
BMW i5 xDrive40 Sedan,455,178,2355,5.4,512,81.2,123,2000,490,172,75.6
Ford Mustang Mach-E Rally,410,222,2343,3.9,417,91.0,115,750,619,189,80.3
Ford Mustang Mach-E ER RWD,480,190,2160,7.0,448,91.0,84,1000,619,135,62.95
NIO EL7 Standard Range,355,207,2421,3.9,376,73.5,110,2000,570,246,85.9
Volkswagen ID.5 Pro,430,179,2118,10.4,454,77.0,124,1000,549,124,47.935
Volkswagen ID.5 GTX,405,190,2243,6.3,439,77.0,103,1200,549,152,56.455
Porsche Taycan Turbo S,430,195,2370,2.8,537,83.7,200,0,450,445,197.74
Audi Q4 Sportback e-tron 35,300,173,1990,9.0,341,52.0,90,1000,535,159,47.6
Mercedes-Benz EQV 300 Extra-Long,315,286,2735,12.2,291,90.0,96,0,1410,276,62.897
Porsche Taycan 4 Plus,565,172,2325,4.6,738,97.0,267,0,491,202,111.924
Volkswagen e-Transporter Kombi L1 160 kW 64 kWh,255,250,2302,8.6,254,63.8,75,2000,800,253,64.867
Kia e-Soul 39 kWh,230,170,1610,9.9,209,39.2,37,0,315,156,38.09
Citroen e-SpaceTourer M 75 kWh,265,260,2131,13.3,252,69.0,77,1000,507,237,59.64
Mercedes-Benz EQE 500 4MATIC,505,179,2475,4.7,548,90.6,136,750,430,199,87.286
Ford Mustang Mach-E GT,425,214,2348,4.4,397,91.0,84,750,619,197,86.2
ORA Funky Cat 63 kWh,340,174,1615,8.2,313,59.3,54,0,228,123,44.49
Volvo EX40 Twin Motor Performance,385,205,2170,4.6,414,79.0,110,1800,441,165,62.89
Opel Combo Electric XL 50 kWh,230,217,1881,11.3,242,50.0,80,750,1050,175,39.6
Tesla Model X Performance,440,216,2572,3.6,438,95.0,100,2250,0,243,107.6
Peugeot e-Expert Combi Long 75 kWh,265,260,2161,14.3,252,69.0,77,1000,989,223,58.73
Mercedes-Benz EQE AMG 53 4MATIC+,450,201,2540,3.5,490,90.6,136,750,430,275,110.706
GWM ORA 03 63 kWh,340,174,1615,8.2,313,59.3,54,0,228,107,32.49
Skoda Enyaq iV RS,420,183,2258,6.2,448,77.0,103,1200,585,147,63.3
Ford Mustang Mach-E SR AWD,345,203,2138,6.3,346,70.0,76,750,619,191,62.25
Citroen e-Jumpy Combi M 50 kWh,185,250,1969,12.1,196,46.3,74,1000,507,270,51.94
Ford Mustang Mach-E SR AWD,350,207,2276,6.2,372,72.6,100,750,619,165,57.9
Ford Mustang Mach-E Rally,415,219,2354,3.9,420,91.0,115,750,619,184,81.0
Tesla Model X Ludicrous Performance,420,226,2572,3.0,413,95.0,100,2250,0,274,112.7
Mercedes-Benz EQV 300 Extra-Long,310,290,2660,12.1,285,90.0,95,0,1410,254,72.519
Mercedes-Benz EQE AMG 53 4MATIC+,455,199,2525,3.5,490,90.6,136,750,430,271,109.777
Mercedes-Benz EQA 250+,420,168,2055,9.1,414,70.5,90,0,340,136,55.96
Toyota Proace Verso L 50 kWh,180,257,1989,12.1,189,46.3,74,1000,989,304,59.385
Kia e-Soul 39.2 kWh,230,170,1610,9.9,209,39.2,37,0,315,167,40.29
Audi Q4 Sportback e-tron 55 quattro,415,186,2235,5.4,457,77.0,120,1200,535,157,61.0
Lotus Emeya S,520,190,2555,4.2,693,98.9,328,2250,543,245,126.95
KGM Musso EV 2WD,365,221,2265,9.2,357,80.6,100,1800,907,118,41.99
Tesla Model X 60D,285,218,2427,6.2,306,62.0,95,0,0,315,89.1
BMW i3s 94 Ah,160,170,1340,6.9,163,27.2,46,0,260,265,45.75
Peugeot e-Rifter XL 50 kWh,230,217,1901,11.7,239,50.0,80,750,1050,175,39.44
Mercedes-Benz EQE AMG 53 4MATIC+,450,201,2540,3.5,491,90.6,141,1700,430,268,110.706
Volkswagen e-Transporter Kombi L2 160 kW 64 kWh,250,255,2348,8.6,250,63.8,75,2000,1000,262,65.872
Mercedes-Benz eVito Tourer Extra-Long 60 kWh,205,293,2405,12.0,211,60.0,96,0,1390,346,61.571
Mercedes-Benz EQS AMG 53 4MATIC+,535,203,2700,3.4,590,108.4,169,750,620,321,155.009
Tesla Model S P90DL,405,211,2262,3.0,401,85.5,90,0,895,327,131.4
Ford Mustang Mach-E SR AWD,335,203,2138,6.3,336,68.0,76,750,619,171,54.75
Toyota Proace City Verso L1 50 kWh,210,220,1739,11.2,222,46.3,74,750,597,194,37.8
Lucid Air Pure AWD,560,164,2337,4.0,645,92.0,160,0,910,200,109.0
Porsche Taycan Turbo Cross Turismo,395,212,2395,3.3,486,83.7,200,0,489,389,157.776
Lotus Emeya R,465,213,2650,2.8,611,98.9,328,1225,543,328,150.99
Citroen e-SpaceTourer XL 75 kWh,265,260,2240,14.2,252,69.0,77,1000,989,217,53.23
Genesis GV60 Sport,410,195,2200,5.5,513,80.0,205,1600,432,161,64.58
Ford e-Tourneo Custom L2 210 kW AWD,250,284,2900,7.0,257,71.0,105,2300,819,315,78.659
Ford Mustang Mach-E GT,410,215,2348,4.4,388,88.0,84,750,619,184,72.9
NIO EL8 Standard Range,360,204,2613,4.1,388,73.5,110,2000,265,258,94.9
Abarth 600e Turismo,280,181,1700,6.2,297,50.8,79,0,360,155,44.99
Ford e-Tourneo Custom L1 160 kW,235,272,2557,9.0,245,64.0,105,2000,672,291,66.819
Peugeot e-Traveller Standard 75 kWh,265,260,2131,14.3,252,69.0,77,1000,603,238,59.64
Skoda Enyaq Coupe iV 80x,435,177,2214,7.0,464,77.0,103,1200,575,135,56.65
Audi Q8 Sportback e-tron 50 quattro,445,200,2585,6.0,472,89.0,147,1800,590,177,78.15
BMW i5 M60 xDrive Touring,415,196,2425,3.9,469,81.2,123,2000,570,263,101.5
GWM ORA 07 Pure,350,184,2065,8.2,339,64.3,75,0,333,120,41.99
Nissan Ariya e-4ORCE 87kWh - 290 kW,405,215,2293,5.1,391,87.0,80,1500,415,168,71.49
Toyota Proace City Verso L2 50 kWh,205,226,1813,11.2,219,46.3,74,750,850,205,40.15
Porsche Taycan Turbo S Cross Turismo,485,200,2400,2.5,620,97.0,267,0,489,427,211.3
Sono Sion,260,181,1730,9.0,261,47.0,60,750,650,116,29.9
Volkswagen ID.5 Pro,430,179,2117,10.4,459,77.0,124,1000,549,119,46.515
Porsche Taycan 4S Cross Turismo,440,190,2320,4.1,545,83.7,200,0,530,269,119.914
Mercedes-Benz EQE SUV 300,450,201,2440,7.6,485,90.6,141,750,520,186,83.479
Mercedes-Benz eVito Tourer Long 60 kWh,220,273,2448,12.0,205,60.0,60,0,990,311,68.398
Porsche Taycan GTS Sport Turismo,505,192,2385,3.3,655,97.0,267,0,489,291,148.6
Ford e-Tourneo Custom L1 160 kW RWD,270,263,2432,9.0,272,71.0,105,2000,672,240,61.702
Mini Cooper SE Convertible,165,175,1540,8.2,167,28.9,44,0,160,370,60.0
Volkswagen e-Caravelle L1 100 kW 64 kWh,245,260,2523,12.8,247,63.8,75,2000,800,271,66.021
Audi Q4 Sportback e-tron 35,295,176,1970,9.0,314,52.0,70,1000,535,174,46.7
Mercedes-Benz EQE 350 4MATIC,505,179,2465,6.3,548,90.6,136,750,430,158,73.363
Fiat E-Ulysse L3 75 kWh,265,260,2167,13.3,252,69.0,77,1000,800,238,62.99
Citroen e-SpaceTourer M 50 kWh,180,257,2027,13.3,189,46.3,74,1000,603,274,46.23
Peugeot e-Traveller L2 75 kWh,265,260,2211,14.2,252,69.0,77,1000,603,221,52.23
Opel Zafira-e Life L 75 kWh,265,260,2161,13.3,252,69.0,77,1000,0,261,70.075
Citroen e-Berlingo XL 50 kWh,205,226,1813,11.7,219,46.3,74,750,806,204,43.64
Opel Vivaro-e Combi M 75 kWh,265,260,2131,13.3,252,69.0,77,1000,507,215,56.942
Volkswagen ID.4 Pro 4MOTION,405,190,2221,6.9,432,77.0,103,1200,543,121,49.02
Elaris BEO 86 kWh,390,208,1955,9.5,357,81.0,65,0,467,136,53.09
Audi e-tron S Sportback,335,258,2695,4.5,354,86.5,147,1800,677,303,96.05
Mercedes-Benz EQE SUV AMG 53 4MATIC+,420,216,2690,3.5,453,90.6,141,1800,520,335,139.438
Lucid Air Dream Edition P,670,176,2435,2.7,766,118.0,185,0,910,328,218.0
Porsche Taycan GTS Sport Turismo,425,197,2385,3.7,531,83.7,200,0,530,327,140.858
Mercedes-Benz EQE 500 4MATIC,505,179,2485,4.7,554,90.6,136,750,430,200,88.215
Porsche Taycan 4S Plus Sport Turismo,510,190,2350,3.7,655,97.0,267,0,530,244,127.322
Mercedes-Benz EQE SUV 300,450,201,2445,7.1,485,90.6,141,750,520,184,83.479
Ford e-Tourneo Custom L2 160 kW AWD,260,273,2600,9.0,266,71.0,105,2000,819,279,72.65
Mercedes-Benz EQS 500 4MATIC,590,183,2615,4.8,654,107.8,169,750,610,231,125.378
Abarth 500e Scorpionissima,225,166,1410,7.0,246,37.3,65,0,185,195,43.0
Porsche Taycan 4 Cross Turismo,440,190,2320,5.1,545,83.7,200,0,530,238,103.254
Lucid Air Touring,560,164,2337,3.6,645,92.0,160,0,910,179,99.0
Porsche Taycan Turbo Sport Turismo,505,192,2390,2.7,655,97.0,267,0,489,341,176.6
Mercedes-Benz EQE SUV AMG 53 4MATIC+,420,216,2690,3.7,453,90.6,141,1800,520,335,139.438
Mercedes-Benz EQV 250 Long,205,293,2576,12.0,193,60.0,60,0,1030,332,68.056
Porsche Taycan 4S Sport Turismo,370,192,2245,4.0,462,71.0,171,0,530,308,114.559
Audi Q4 Sportback e-tron 45 quattro,400,192,2215,6.9,433,76.6,103,1200,535,149,55.9
Mercedes-Benz EQS SUV 500 4MATIC,490,221,2805,5.2,521,108.4,169,1800,645,278,124.545
GWM ORA 07 Pro,350,184,2065,8.2,339,64.3,75,0,333,127,44.49
Volkswagen e-Transporter Kombi L1 210 kW 64 kWh,255,250,2302,7.4,254,63.8,75,2000,800,262,66.908
Audi e-tron S,320,270,2695,4.5,339,86.5,147,1800,722,311,93.8
Porsche Taycan Turbo S Cross Turismo,380,220,2395,2.9,468,83.7,200,0,489,486,191.096
Peugeot e-Rifter Standard 50 kWh,205,226,1765,11.7,215,46.3,74,750,571,193,41.24
Mercedes-Benz eVito Tourer Long 60 kWh,210,286,2380,12.0,211,60.0,96,0,990,333,60.678
Fiat E-Ulysse L2 75 kWh,265,260,2140,13.3,252,69.0,77,1000,450,234,61.99
Porsche Taycan,420,169,2125,5.4,525,71.0,171,0,491,225,93.139
Opel Zafira Electric 50 kWh,180,257,2027,13.3,189,46.3,74,1000,603,268,47.55
Volkswagen e-Caravelle L1 210 kW 64 kWh,245,260,2523,7.4,247,63.8,75,2000,800,300,70.21
Peugeot e-Expert Combi Long 50 kWh,185,250,1989,13.1,196,46.3,74,1000,989,278,52.73
Genesis GV60 Sport,375,197,2170,5.5,467,74.0,196,1600,432,174,63.2
Fisker Ocean Sport,350,203,2300,7.4,391,71.0,100,1090,476,124,43.9
Volvo EC40 Twin Motor Performance,400,198,2185,4.6,438,79.0,110,1800,435,162,64.39
Citroen e-SpaceTourer XL 75 kWh,265,260,2161,13.3,252,69.0,77,1000,912,242,60.43
Peugeot e-Rifter Long 50 kWh,200,232,1841,11.7,212,46.3,74,750,806,207,42.44
Opel Vivaro-e Combi M 50 kWh,185,250,1969,12.1,196,46.3,74,1000,507,255,50.992
ORA Funky Cat GT,330,180,1615,8.2,300,59.3,54,0,228,150,49.49
Polestar 2 Long Range Performance,450,176,2180,4.2,501,79.0,110,1500,448,142,63.49
Renault Zoe R90 Entry,140,166,1502,14.5,102,23.3,0,0,338,198,30.1
Toyota Proace Verso M 75 kWh,265,260,2131,13.1,252,69.0,77,1000,603,244,64.53
Opel Combo-e Life XL 50 kWh,200,232,1813,11.7,212,46.3,74,750,806,212,44.75
Audi SQ8 Sportback e-tron,480,221,2725,4.5,493,106.0,145,1800,590,221,100.35
Skoda Enyaq Coupe 60,345,168,2000,8.8,375,58.0,82,1000,570,137,46.85
Porsche Taycan Turbo,445,188,2380,3.2,556,83.7,200,0,450,360,164.42
Tesla Model S P90DL,405,211,2271,3.0,401,85.5,90,0,895,330,129.6
Kia e-Niro 39 kWh,235,167,1667,9.8,215,39.2,37,0,451,146,34.4
Opel Zafira-e Life M 50 kWh,185,250,1969,12.1,196,46.3,74,1000,0,306,63.25
Peugeot e-Expert Combi Compact 50 kWh,185,250,1932,12.1,189,46.3,74,1000,0,243,49.08
Porsche Taycan Plus Sport Turismo,445,188,2235,5.4,548,83.7,200,0,530,227,99.815
Ford e-Tourneo Custom L1 210 kW AWD,255,278,2800,7.0,259,71.0,105,2300,672,305,77.707
Peugeot e-Traveller Standard 50 kWh,185,250,1969,13.1,196,46.3,74,1000,603,289,53.64
Porsche Taycan 4S Sport Turismo,440,187,2270,3.7,546,82.3,195,0,530,273,121.8
Volkswagen e-Transporter Kombi L1 100 kW 64 kWh,255,250,2302,12.8,254,63.8,75,2000,800,243,62.719
Audi e-tron Sportback 50 quattro,295,219,2445,6.8,315,64.7,114,1800,677,245,71.35
Porsche Taycan Plus,485,173,2205,5.4,608,83.7,200,0,491,206,98.863
Porsche Taycan Turbo S Cross Turismo,410,204,2395,2.9,509,83.7,200,0,489,470,199.168
Mercedes-Benz EQE AMG 43 4MATIC,450,201,2535,4.2,491,90.6,141,1700,430,240,104.756
Opel Zafira Electric XL 75 kWh,265,260,2240,14.2,252,69.0,77,1000,989,215,54.55
Lucid Air Touring,605,159,2337,3.6,689,96.0,160,0,910,192,99.9
Peugeot e-Traveller L2 50 kWh,180,257,2027,13.3,189,46.3,74,1000,603,294,46.23
Volkswagen e-Caravelle L2 160 kW 64 kWh,245,260,2560,8.6,247,63.8,75,2000,1000,288,69.175
Kia e-Niro 39 kWh,235,167,1667,9.8,215,39.2,37,0,451,150,35.29
Volkswagen e-Transporter Kombi L2 210 kW 64 kWh,250,255,2348,7.4,250,63.8,75,2000,1000,272,67.913
Citroen e-SpaceTourer M 50 kWh,185,250,1969,12.1,196,46.3,74,1000,507,276,53.64
Porsche Taycan 4S Plus,480,174,2295,4.0,601,83.7,200,0,491,247,120.081
Mercedes-Benz EQV 250 Long,215,279,2594,12.0,199,60.0,60,0,1030,272,58.488
Peugeot e-Traveller L3 50 kWh,180,257,2056,13.3,189,46.3,74,1000,989,300,47.23
Porsche Taycan 4S Plus Sport Turismo,430,195,2325,4.0,535,83.7,200,0,530,277,120.081
Tesla Model X Performance,420,226,2572,3.7,413,95.0,100,2250,0,242,99.7
Peugeot e-Expert Combi Standard 50 kWh,185,250,1969,13.1,196,46.3,74,1000,603,271,51.94
Peugeot e-Expert Combi Standard 75 kWh,265,260,2131,14.3,252,69.0,77,1000,603,218,57.94
BYD ATTO 3 Evo RWD Design,415,180,1880,5.5,472,74.8,130,1500,591,111,46.065
Jaecoo 5 EV,325,181,1765,7.7,341,58.9,80,1250,480,96,31.2
Toyota bZ4X Touring AWD 74.7 kWh,385,184,2075,4.4,419,71.0,110,1500,600,138,53.13
Omoda E5,330,178,1785,7.6,350,58.9,80,0,380,103,33.99
Mazda 6e 78 kWh,470,164,2090,7.9,545,77.0,135,1500,528,95,44.65
Dongfeng Box 42.3 kWh,255,157,1430,12.5,254,40.0,51,750,326,96,24.48
Geely EX5,330,182,1815,6.9,365,60.22,95,0,461,111,36.63
BYD ATTO 3 Evo AWD Excellence,400,187,1990,3.9,455,74.8,130,1500,591,121,48.4
Citroen C5 Aircross Long Range,485,200,2246,8.8,492,96.9,135,1200,565,85,41.225
Hongqi E-HS9 99 kWh,370,243,2705,4.9,367,90.0,112,1500,438,216,79.92
Toyota bZ4X Touring FWD 74.7 kWh,400,178,1975,7.2,433,71.0,110,750,600,122,48.8
MG MG4 Premium Extended Range,435,171,1830,6.2,444,74.4,80,500,388,87,37.845
Tesla Model 3 Long Range RWD,495,152,1825,5.9,586,75.0,124,1000,649,102,50.49
Tesla Model 3 Long Range RWD,475,155,1801,5.3,567,73.5,136,910,542,114,54.15
KGM Torres EVX 80.6 kWh,400,198,2000,8.2,403,79.0,95,1500,839,103,41.2
firefly firefly,240,172,1542,8.1,256,41.2,65,0,496,125,30.0
MG MGS6 EV RWD 77 kWh,405,183,1983,7.3,419,74.3,90,1500,798,110,44.55
MG MG4 Urban Comfort Long Range,325,162,1520,9.5,328,52.8,75,500,577,90,29.25
MG MG4 XPOWER,325,190,1885,3.8,353,61.7,90,500,388,120,39.0
MG IM6 Long Range,500,193,2320,5.4,629,96.5,250,0,697,110,55.0
MG MG4 Premium Long Range,360,171,1840,7.5,406,61.7,110,500,388,96,34.56
Voyah Free 106 kWh,480,208,2415,4.4,433,100.0,80,2000,622,112,53.76
MG MG4 Urban Premium Long Range,325,162,1520,9.5,328,52.8,75,500,568,99,32.175
MG IM5 Long Range,530,182,2210,4.9,677,96.5,250,0,475,98,51.94
MG MGS6 EV Dual Motor 77 kWh,390,191,2080,5.1,400,74.3,90,1500,776,127,49.53
Renault Zoe Q210,140,166,1503,13.5,148,23.3,33,0,338,134,18.76
MG MG4 Urban Comfort Standard Range,260,161,1460,9.6,273,41.9,65,500,577,104,27.04
Lexus UX 300e,340,188,1850,7.5,291,64.0,35,0,316,135,45.9
Volvo EX30 P5,275,178,1840,5.7,306,49.0,80,1400,325,134,36.85
Hongqi E-HS9 84 kWh,320,239,2580,6.5,334,76.5,112,1500,438,219,70.08
Volkswagen ID.4 Pro,410,188,2123,10.4,436,77.0,124,1000,543,126,51.66
Hyundai IONIQ 6 N,440,182,2166,3.2,543,80.0,196,0,371,172,75.68
Zeekr X Privilege AWD,350,186,2035,3.8,386,65.0,101,1600,383,139,48.65
Peugeot e-408 58 kWh,355,164,1856,7.2,380,58.3,80,0,468,115,40.825
Dongfeng Box 31.4 kWh,190,153,1251,12.5,205,29.0,50,0,326,124,23.56
Zeekr X Long Range RWD,360,181,1930,5.6,392,65.0,101,1600,383,121,43.56
Subaru Solterra AWD 73.1 kWh,370,186,2100,5.1,404,69.0,110,1500,421,132,48.84
Hongqi EH7 111 kWh Long Range,550,173,2390,5.8,668,95.3,210,1000,468,107,58.85
Volvo EX30 P3 Long Range,365,178,1850,8.3,402,65.0,101,1200,325,104,37.96
Subaru Uncharted 77 kWh,420,171,1915,7.3,455,72.0,110,750,404,102,42.84
BYD DOLPHIN 44.9 kWh Active,265,169,1650,12.3,251,44.9,50,0,345,113,29.945
Renault Megane E-Tech EV60 130hp,380,158,1725,10.5,404,60.0,80,500,440,96,36.48
JAC iEV7s,225,173,1535,12.0,200,39.0,29,0,250,133,29.925
Seres 3,260,196,1765,8.9,232,51.0,50,0,318,146,37.96
Volvo EX30 P5 Long Range,365,178,1850,5.3,402,65.0,101,1600,325,110,40.15
Volvo EX30 P3,275,178,1840,8.6,306,49.0,80,1000,325,120,33.0
MG MG5 EV,290,168,1607,7.7,290,48.8,60,0,464,103,29.87
Citroen e-Berlingo Multispace,100,205,1679,19.5,105,20.5,30,0,1350,317,31.7
MG IM5 Performance,490,197,2298,3.2,621,96.5,250,0,475,114,55.86
Lancia Ypsilon,310,155,1561,8.2,332,48.1,76,0,309,114,35.34
Subaru Uncharted 77 kWh AWD,375,192,2025,5.1,405,72.0,110,1500,403,130,48.75
Mercedes-Benz EQS 350,570,168,2440,6.7,614,96.0,130,750,620,187,106.59
Volkswagen ID.3 Pure Performance,275,164,1781,8.9,299,45.0,71,0,385,128,35.2
Polestar 3 Dual Motor,500,204,2565,4.7,590,102.0,200,2200,508,179,89.5
MG IM6 Performance,440,219,2410,3.5,554,96.5,250,0,697,133,58.52
Subaru Uncharted 57.7 kWh,320,169,1815,8.4,353,54.0,85,750,404,118,37.76
Lancia Ypsilon 54 kWh HF,305,167,1631,5.6,330,50.8,79,0,309,134,40.87
Volvo EX30 Cross Country P5 Long Range,350,186,1875,5.4,379,65.0,101,1600,325,126,44.1
Peugeot Partner Tepee Electric,100,205,1679,19.5,105,20.5,30,0,544,305,30.5
Voyah Courage 80 kWh AWD,390,198,2302,4.9,427,77.3,110,1700,527,128,49.92
Hongqi E-HS9 120 kWh,455,246,2850,4.9,418,112.0,110,1500,438,187,85.085
Volvo EX30 P8 AWD,340,191,1960,3.6,376,65.0,101,1600,325,141,47.94
Toyota Proace Verso M 75 kWh,265,260,2211,13.3,252,69.0,77,1000,603,215,56.975
Volvo EX30 Cross Country P8 AWD,330,197,1985,3.7,361,65.0,101,1600,325,151,49.83
Lancia Ypsilon 54 kWh,325,156,1561,8.2,353,50.8,79,0,309,104,33.8
Hongqi E-HS7 111 kWh Long Range,455,209,2458,6.3,535,95.3,210,1500,705,121,55.055
Renault Zoe Q90,245,167,1555,13.5,224,41.0,33,0,338,126,30.87
Fiat 500e 3+1 24 kWh,135,158,1290,9.0,153,21.3,40,0,185,222,29.97
Genesis GV60 Premium,390,190,1975,7.8,482,74.0,196,1600,432,159,62.01
MG IM5 Standard Range,405,181,2180,6.8,451,73.5,120,0,475,112,45.36
Skywell BE11 Long Range,385,210,2005,9.6,336,81.0,50,0,467,119,45.815
Voyah Courage 80 kWh RWD,395,196,2174,6.8,434,77.3,110,1700,527,114,45.03
Mercedes-Benz EQE 350+,530,171,2360,6.4,579,90.6,141,750,430,155,82.15
Polestar 3 Performance,460,222,2600,3.9,539,102.0,200,2200,508,230,105.8
Renault Zoe Q90,245,167,1548,13.5,224,41.0,33,0,338,121,29.645
Skoda Enyaq 50,310,168,1976,9.1,351,52.0,90,1000,585,138,42.78
Seres 3,255,196,1765,8.9,253,50.0,85,0,318,149,37.995
Hongqi E-HS7 111 kWh AWD Pro,435,219,2608,3.9,510,95.3,210,1500,705,172,74.82
MG MG5 EV Long Range,340,169,1625,7.7,309,57.4,53,0,464,98,33.32
Polestar 3 Rear Motor,440,200,2390,6.5,520,88.0,170,1500,508,183,80.52
Tesla Model X Ludicrous Performance,440,216,2572,2.9,438,95.0,100,2250,0,264,116.16
BYD DOLPHIN 44.9 kWh Boost,260,173,1700,8.0,249,44.9,50,0,345,124,32.24
Skoda Enyaq Coupe iV 60,345,168,2008,8.8,369,58.0,75,1000,575,139,47.955
Nissan Townstar EV Passenger L2,220,205,1992,13.3,218,45.0,50,1500,819,195,42.9
Ford e-Tourneo Custom L2 210 kW RWD,255,278,2807,8.0,259,71.0,105,2000,819,344,87.72
Skywell BE11 Standard Range,325,209,1955,9.6,296,68.0,50,0,467,131,42.575
Toyota Proace Shuttle M 75 kWh,265,260,2131,13.1,252,69.0,77,1000,550,227,60.155
Toyota Proace Shuttle L 75 kWh,265,260,2161,13.1,252,69.0,77,1000,980,263,69.695
Toyota Proace Shuttle M 50 kWh,185,250,1969,12.1,196,46.3,74,1000,550,318,58.83
Toyota Proace Shuttle L 50 kWh,180,257,1989,12.1,189,46.3,74,1000,980,381,68.58
